axis,level,model,f1,recall,precision,fpr
noise_added,0.0,BLS,0.7142857142857143,1.0,0.5555555555555556,0.5714285714285714
noise_added,0.0,RandomForest,1.0,1.0,1.0,0.0
noise_added,0.0,CNN1D,0.5882352941176471,1.0,0.4166666666666667,1.0
noise_added,0.001,BLS,0.6666666666666666,1.0,0.5,0.7142857142857143
noise_added,0.001,RandomForest,1.0,1.0,1.0,0.0
noise_added,0.001,CNN1D,0.5882352941176471,1.0,0.4166666666666667,1.0
noise_added,0.002,BLS,0.6666666666666666,1.0,0.5,0.7142857142857143
noise_added,0.002,RandomForest,1.0,1.0,1.0,0.0
noise_added,0.002,CNN1D,0.5882352941176471,1.0,0.4166666666666667,1.0
noise_added,0.004,BLS,0.7692307692307693,1.0,0.625,0.42857142857142855
noise_added,0.004,RandomForest,0.8888888888888888,0.8,1.0,0.0
noise_added,0.004,CNN1D,0.5882352941176471,1.0,0.4166666666666667,1.0
depth_scale,1.0,BLS,0.7142857142857143,1.0,0.5555555555555556,0.5714285714285714
depth_scale,1.0,RandomForest,1.0,1.0,1.0,0.0
depth_scale,1.0,CNN1D,0.5882352941176471,1.0,0.4166666666666667,1.0
depth_scale,0.75,BLS,0.7142857142857143,1.0,0.5555555555555556,0.5714285714285714
depth_scale,0.75,RandomForest,1.0,1.0,1.0,0.0
depth_scale,0.75,CNN1D,0.5882352941176471,1.0,0.4166666666666667,1.0
depth_scale,0.5,BLS,0.7142857142857143,1.0,0.5555555555555556,0.5714285714285714
depth_scale,0.5,RandomForest,1.0,1.0,1.0,0.0
depth_scale,0.5,CNN1D,0.5882352941176471,1.0,0.4166666666666667,1.0
depth_scale,0.25,BLS,0.7142857142857143,1.0,0.5555555555555556,0.5714285714285714
depth_scale,0.25,RandomForest,0.8888888888888888,0.8,1.0,0.0
depth_scale,0.25,CNN1D,0.5882352941176471,1.0,0.4166666666666667,1.0
dropout_fraction,0.0,BLS,0.7142857142857143,1.0,0.5555555555555556,0.5714285714285714
dropout_fraction,0.0,RandomForest,1.0,1.0,1.0,0.0
dropout_fraction,0.0,CNN1D,0.5882352941176471,1.0,0.4166666666666667,1.0
dropout_fraction,0.15,BLS,0.7142857142857143,1.0,0.5555555555555556,0.5714285714285714
dropout_fraction,0.15,RandomForest,1.0,1.0,1.0,0.0
dropout_fraction,0.15,CNN1D,0.5882352941176471,1.0,0.4166666666666667,1.0
dropout_fraction,0.3,BLS,0.7142857142857143,1.0,0.5555555555555556,0.5714285714285714
dropout_fraction,0.3,RandomForest,1.0,1.0,1.0,0.0
dropout_fraction,0.3,CNN1D,0.5882352941176471,1.0,0.4166666666666667,1.0
dropout_fraction,0.5,BLS,0.8333333333333334,1.0,0.7142857142857143,0.2857142857142857
dropout_fraction,0.5,RandomForest,1.0,1.0,1.0,0.0
dropout_fraction,0.5,CNN1D,0.5882352941176471,1.0,0.4166666666666667,1.0
