target_name,tic_id,category,sector,is_host,is_known_multiplanet_system,sy_pnum,planet_name,toi_id,catalog_period_days,catalog_t0_bjd,catalog_duration_hours,catalog_depth_ppm,detected_period_days,detected_t0_btjd,detected_duration_days,detected_depth,detected_depth_ppm,sde,snr,max_power,is_detected,period_ratio,period_relative_error,is_period_recovered,recovery_harmonic,recovery_type,search_runtime_sec
WASP-126,25155310,confirmed_planet_host,1,True,False,1,WASP-126 b,TOI-114.01,3.2887898,2458327.519958,3.4367717,7005.7247902,3.287304241147439,1327.5246258808236,0.128,0.006512358512933384,6512.358512933384,15.282289151526184,129.444657629196,8401.189437189312,True,0.9995482961992399,0.00045170380076004044,True,1.0,fundamental,0.5103080000044429
WASP-94 A,92352620,confirmed_planet_host,1,True,True,2,WASP-94 A b,TOI-107.01,3.9502008,2460176.993334,4.444,13914.0,3.9501976041071134,1328.299311878518,0.17200000000000001,0.011160103564870719,11160.103564870718,14.898100478080618,299.65341030927783,45260.975718588306,True,0.9999991909543214,8.090456785832022e-07,True,1.0,fundamental,0.4949854660007986
WASP-124,97409519,confirmed_planet_host,1,True,False,1,WASP-124 b,TOI-113.01,3.372877,2458327.053085,2.63426,17163.60419,3.372829454141772,1327.0549018552767,0.084,0.015312234853151635,15312.234853151635,17.07760678085104,91.1046904249497,3970.029781193226,True,0.9999859034710641,1.4096528935938026e-05,True,1.0,fundamental,0.4743690940013039
WASP-95,144065872,confirmed_planet_host,1,True,False,1,WASP-95 b,TOI-105.01,2.1846669,2460904.412675,2.6989102,11535.5475157,2.1855894148989865,1326.5022915348225,0.084,0.011038274161456986,11038.274161456986,14.0497723468392,374.43250350897006,70702.16450289176,True,1.0004222679892236,0.000422267989223734,True,1.0,fundamental,0.494343348997063
WASP-62,149603524,confirmed_planet_host,1,True,False,1,WASP-62 b,TOI-102.01,4.4119372,2460982.065462,3.6321285,14711.8810303,4.410044435317912,1326.08357805538,0.128,0.01301378399125738,13013.78399125738,16.985401760065145,340.4682076048372,58444.20846776208,True,0.9995709901124413,0.00042900988755871223,True,1.0,fundamental,0.4969286749983439
WASP-46,231663901,confirmed_planet_host,1,True,False,1,WASP-46 b,TOI-101.01,1.4303699,2458326.009117,1.6165994,18960.7122944,1.4304531035898156,1326.0083471613705,0.04,0.018382577248685587,18382.577248685586,16.23723748024375,95.26550272973546,4563.1116570804725,True,1.000058169281817,5.816928181689639e-05,True,1.0,fundamental,0.4965599259958253
WASP-73,231670397,confirmed_planet_host,1,True,False,1,WASP-73 b,TOI-104.01,4.0872956,2460150.608677,5.586113,3572.1712499,4.086907125227214,1327.6761960216863,0.216,0.003245847558110652,3245.847558110652,14.20212933994953,109.56287588635966,6022.443225378254,True,0.999904955547432,9.50444525679976e-05,True,1.0,fundamental,0.4956573279996519
WASP-91,238176110,confirmed_planet_host,1,True,False,1,WASP-91 b,TOI-116.01,2.7985802,2458326.688916,2.3801043,16708.7151957,2.797759437875393,1326.6926860838378,0.084,0.014615865895455639,14615.86589545564,17.060497015219223,187.4335214374051,17743.01238228828,True,0.9997067219568669,0.0002932780431330936,True,1.0,fundamental,0.49287200500111794
HATS-3,336732616,confirmed_planet_host,1,True,False,1,HATS-3 b,TOI-103.01,3.547854,2458327.25256,3.494333,10424.3718,3.5482572387168503,1327.2494904759199,0.128,0.009508530717555063,9508.530717555064,15.399393882793877,101.4712631534655,5172.6643453808565,True,1.0001136570774474,0.0001136570774474424,True,1.0,fundamental,0.4861244049970992
TIC 25065358,25065358,control_star,1,False,False,0,,,,,,,11.188401377475047,1328.5986134437671,0.26,0.0009638726874827599,963.8726874827599,6.758216348421361,10.997743085365244,61.58316238315778,True,,,False,,N/A_control,0.5082028750039171
TIC 38610352,38610352,control_star,1,False,False,0,,,,,,,2.8741792334335274,1328.4245559618432,0.34800000000000003,0.0002468591791408137,246.85917914081372,5.5010875352113855,7.1072767782895765,25.441391963175533,False,,,False,,N/A_control,0.4671601770023699
TIC 150358170,150358170,control_star,1,False,False,0,,,,,,,1.5318155069554809,1325.7792269530848,0.216,0.0002024015320436296,202.4015320436296,4.4953858551021915,6.292250942934481,20.01373709265355,False,,,False,,N/A_control,0.5040077399971779
TIC 165096948,165096948,control_star,1,False,False,0,,,,,,,5.512063143774363,1327.4630320657666,0.34800000000000003,0.0027293327656251714,2729.3327656251713,7.267645258404087,73.17580432846405,2678.467142740648,True,,,False,,N/A_control,0.48685357900103554
TIC 197712257,197712257,control_star,1,False,False,0,,,,,,,0.9762411854690649,1326.036749354465,0.128,0.0010302916451303604,1030.2916451303604,5.3191978253545145,5.36096026316319,14.413129167624792,False,,,False,,N/A_control,0.4938839839960565
TIC 238877488,238877488,control_star,1,False,False,0,,,,,,,8.31796231002699,1329.815458657824,0.34800000000000003,0.0001647322803999555,164.7322803999555,5.572383607355262,14.002920343248494,97.90112397764703,False,,,False,,N/A_control,0.5219951679973747
TIC 265591866,265591866,control_star,1,False,False,0,,,,,,,2.281518795378724,1325.9212709298358,0.216,0.5907205268251935,590720.5268251935,8.412948673247497,15606.497086225034,209320786.29485938,True,,,False,,N/A_control,0.5105735780016403
TIC 277891181,277891181,control_star,1,False,False,0,,,,,,,0.6991353306786801,1325.7444444836278,0.34800000000000003,5.2508454715322686e-05,52.508454715322685,4.3252327839031475,5.6717543645369535,16.05525498294719,False,,,False,,N/A_control,0.5249424790017656
TIC 306573321,306573321,control_star,1,False,False,0,,,,,,,0.5533962822453228,1325.5177795902853,0.34800000000000003,6.397676731573343e-05,63.976767315733426,5.512567160677452,5.7731507760545755,16.640130867661,False,,,False,,N/A_control,0.5311966869994649
TIC 370041901,370041901,control_star,1,False,False,0,,,,,,,0.5508053768614458,1325.5464910375383,0.34800000000000003,8.881738664066926e-05,88.81738664066926,4.345305821929888,5.5370832488717,15.282953133408459,False,,,False,,N/A_control,0.5164252249960555
TOI-198,12421862,confirmed_planet_host,2,True,False,1,TOI-198 b,TOI-198.01,10.2152025,2458356.371864,2.3476219,960.5475682,10.210987528589124,1356.3751417625458,0.084,0.0009150888378231554,915.0888378231554,14.022584635935809,12.240705337925311,74.46848867286238,True,0.9995873824908633,0.00041261750913663676,True,1.0,fundamental,0.5238880770048127
TOI-209,52204645,confirmed_planet_host,2,True,False,1,TOI-209 b,TOI-209.01,4.3794298,2458325.884839,1.6639354,969.6957616,4.3752791711801855,1356.5647916073128,0.084,0.0008126013266588192,812.6013266588192,11.856547713542128,9.865125351816781,48.41842273947936,True,0.9990522444680323,0.0009477555319676766,True,1.0,fundamental,0.5016140480001923
TOI-125,52368076,confirmed_planet_host,2,True,True,3,TOI-125 d,TOI-125.01,4.6517186,2460206.744249,2.709,978.0,4.650603843593684,1355.3566791836397,0.084,0.0008966899381088136,896.6899381088136,11.316537892223183,15.088327510708531,113.5091248641716,True,0.9997603560098594,0.00023964399014068529,True,1.0,fundamental,0.5359751699943445
TOI-181,76923707,confirmed_planet_host,2,True,False,1,TOI-181 b,TOI-181.01,4.5320502,2458358.118263,2.4927338,7809.0577339,4.532599322585744,1358.1152857030586,0.084,0.006811944051268673,6811.944051268672,18.719936419028812,89.45489695109009,3946.6466543796173,True,1.0001211642769854,0.00012116427698540872,True,1.0,fundamental,0.5021559340020758
WASP-8,183532609,confirmed_planet_host,2,True,True,2,WASP-8 b,TOI-191.01,8.1587261,2460202.792714,4.288,15337.0,8.152431094500983,1358.9250326300753,0.128,0.01356913482402299,13569.13482402299,16.29844158305206,343.8539031149098,59254.845055540885,True,0.9992284327943037,0.0007715672056962234,True,1.0,fundamental,0.4935919490017113
WASP-29,183537452,confirmed_planet_host,2,True,False,1,WASP-29 b,TOI-192.01,3.9227113,2460929.713786,2.6326626,11362.3670709,3.9217724974492087,1356.4189154222456,0.084,0.01053165434678906,10531.65434678906,18.357369001659443,166.60125649388186,13794.688179445044,True,0.9997606750844011,0.0002393249155988773,True,1.0,fundamental,0.5036946589971194
LTT 9779,183985250,confirmed_planet_host,2,True,False,1,LTT 9779 b,TOI-193.01,0.7920645,2460933.175839,0.3656119,1561.7798964,0.7918239815023025,1354.2209817710627,0.04,0.0010308998691258506,1030.8998691258505,17.655386318223634,49.12628724325826,1197.7798386423,True,0.9996963397580658,0.00030366024193416284,True,1.0,fundamental,0.5040650959999766
HIP 65 A,201248411,confirmed_planet_host,2,True,False,1,HIP 65 A b,TOI-129.01,0.980972,2460205.646862,0.5405036,6178.392421,0.9808784309988093,1354.5520687069245,0.04,0.0032879772713701157,3287.977271370116,6.545273475040456,92.2314565125841,4205.615316166135,True,0.9999046160326792,9.538396732079889e-05,True,1.0,fundamental,0.4849589000004926
WASP-20,211438925,confirmed_planet_host,2,True,False,1,WASP-20 b,TOI-194.01,4.8996461,2460198.831716,3.07,10957.0,4.897058343485874,1356.573067616696,0.128,0.008143230061449316,8143.230061449316,17.760097732000617,163.22101005209845,13226.98256152938,True,0.9994718482802001,0.0005281517197999519,True,1.0,fundamental,0.4872541389995604
WASP-97,230982885,confirmed_planet_host,2,True,False,1,WASP-97 b,TOI-195.01,2.0727598,2458355.490424,2.619,14761.0,2.072849035659937,1355.48912939936,0.084,0.01261939101365745,12619.39101365745,15.297613187536735,345.00336576506623,59667.001197165206,True,1.0000430516164664,4.305161646656006e-05,True,1.0,fundamental,0.49815388699789764
HATS-71,234523599,confirmed_planet_host,2,True,False,1,HATS-71 b,TOI-127.01,3.7955178,2458325.650603,2.0198135,52278.9940979,3.7951335304201996,1356.0171918047722,0.084,0.03869744741901636,38697.44741901636,19.904108841696573,48.034095500219394,1156.2805543726802,True,0.9998987570075946,0.00010124299240546323,True,1.0,fundamental,0.5034521720008343
TOI-178,251848941,confirmed_planet_host,2,True,True,6,TOI-178 f,TOI-178.01,6.5578513,2460196.437088,2.08,1596.0,6.555861736459447,1360.242848080591,0.084,0.0013565972476469333,1356.5972476469333,14.192443332157238,15.91593614915828,123.28045907081477,True,0.9996966135019633,0.00030338649803677425,True,1.0,fundamental,0.500850670003274
GJ 3090,262530407,confirmed_planet_host,2,True,True,2,GJ 3090 b,TOI-177.01,2.8531016,2460204.963281,1.263753,1547.1068927,12.04447479064929,1357.2176797540687,0.34800000000000003,0.0009131351275062148,913.1351275062149,9.451573196327326,30.44117960176875,450.7492766188806,True,4.221537287928789,1.1107686439643947,False,,unrecovered,0.49406100300257094
HATS-30,281459670,confirmed_planet_host,2,True,False,1,HATS-30 b,TOI-110.01,3.1743504,2458328.039934,2.751086,15457.3247576,3.1731978286465163,1356.613594795268,0.084,0.013882968840594626,13882.968840594625,16.024185139628116,99.13329750187579,4923.347576171857,True,0.9996369111130632,0.00036308888693682207,True,1.0,fundamental,0.4943452539955615
HATS-46,281541555,confirmed_planet_host,2,True,False,1,HATS-46 b,TOI-115.01,4.7423709,2458329.903155,2.4988145,12650.8110411,4.744613507227694,1358.34979242822,0.084,0.011551876485144006,11551.876485144006,17.828463227116234,26.54291950558986,353.6524635350093,True,1.0004728873542332,0.00047288735423325077,True,1.0,fundamental,0.4971213750031893
L 98-59,307210830,confirmed_planet_host,2,True,True,5,L 98-59 e,TOI-175.01,3.6906759,2460688.70837,1.107,1657.0,3.6916994829135064,1356.1994113410246,0.04,0.0016918681023657526,1691.8681023657525,20.826826189633366,28.624542967638888,410.0080516957507,True,1.000277342942388,0.0002773429423879645,True,1.0,fundamental,0.48156372000084957
HATS-34,355703913,confirmed_planet_host,2,True,False,1,HATS-34 b,TOI-111.01,2.1061569,2458326.105486,1.4688934,12142.2238514,2.105701635714008,1355.5955474412403,0.04,0.010009767529784486,10009.767529784487,18.639159503762723,24.165184511809098,288.4418769889749,True,0.9997838412294962,0.00021615877050389556,True,1.0,fundamental,0.5084300360031193
WASP-119,388104525,confirmed_planet_host,2,True,False,1,WASP-119 b,TOI-112.01,2.4997996,2460069.773646,2.865171,14621.2059647,2.4991039155234067,1354.90752224233,0.084,0.01411891805142877,14118.918051428771,14.13763723674547,139.0730570609779,9527.377268311908,True,0.9997217039011475,0.00027829609885251307,True,1.0,fundamental,0.5044967249996262
HD 221416,441462736,confirmed_planet_host,2,True,False,1,HD 221416 b,TOI-197.01,14.2811731,2460927.616153,8.571366,762.9376583,14.297945761224462,1357.007598496223,0.34800000000000003,0.000692843968299303,692.843968299303,13.032989681343752,59.74481542941688,1787.0803614108797,True,1.0011744596264618,0.0011744596264617376,True,1.0,fundamental,0.5040218860012828
TIC 12417837,12417837,control_star,2,False,False,0,,,,,,,0.953199695711615,1354.899153499073,0.34800000000000003,0.00021850657320208474,218.50657320208475,4.160135090724534,5.614320474794382,15.543626590143564,False,,,False,,N/A_control,0.5116117790021235
TIC 38759751,38759751,control_star,2,False,False,0,,,,,,,0.8217891109473316,1354.4990261624803,0.34800000000000003,0.00015321554917830673,153.21554917830673,5.522526971950426,166.5087762778531,13860.631610704479,False,,,False,,N/A_control,0.4991476180002792
TIC 38823112,38823112,control_star,2,False,False,0,,,,,,,11.61401887180883,1362.3670208553915,0.304,0.0006322990873609223,632.2990873609223,6.429066302716037,6.5612263777097715,21.555185547504706,True,,,False,,N/A_control,0.514033423998626
TIC 38909490,38909490,control_star,2,False,False,0,,,,,,,0.5709208314054766,1354.4149078629182,0.34800000000000003,8.206975059689593e-05,82.06975059689593,5.372872177805901,5.7231418132484375,16.171667515944943,False,,,False,,N/A_control,0.5155059570024605
TIC 47338708,47338708,control_star,2,False,False,0,,,,,,,0.7404696058016166,1354.3997273352923,0.34800000000000003,2.4532838152933348e-05,24.532838152933348,6.056714997665593,7.620556988877456,28.986802982963304,True,,,False,,N/A_control,0.569653959995776
TIC 47389361,47389361,control_star,2,False,False,0,,,,,,,0.6864588739078887,1354.4757886667526,0.34800000000000003,0.0005871949091962671,587.1949091962671,6.2418422020095425,92.96037603977132,4293.593076389107,True,,,False,,N/A_control,0.5097031530021923
TIC 66473443,66473443,control_star,2,False,False,0,,,,,,,0.5171446555488226,1354.303544662053,0.34800000000000003,4.8378953886896144e-05,48.37895388689614,4.005941885318224,5.250166874837275,13.713898485699216,False,,,False,,N/A_control,0.5069388599949889
TIC 77044681,77044681,control_star,2,False,False,0,,,,,,,0.5464952751108441,1354.5271769567603,0.34800000000000003,5.029493886514442e-05,50.29493886514442,6.0952265068691505,6.428163666249549,20.29013726609708,True,,,False,,N/A_control,0.5143784199972288
TIC 89529092,89529092,control_star,2,False,False,0,,,,,,,0.6065123906749904,1354.343465379959,0.34800000000000003,7.249970599489583e-05,72.49970599489583,5.17526971650148,5.360697032897035,14.250537445373034,False,,,False,,N/A_control,0.5330880080000497
TIC 116157661,116157661,control_star,2,False,False,0,,,,,,,0.8601913249140297,1354.838602077321,0.34800000000000003,0.01950697021728395,19506.97021728395,9.834293937922382,424.41541211160643,89232.91623103646,True,,,False,,N/A_control,0.4997011560044484
TIC 175366823,175366823,control_star,2,False,False,0,,,,,,,5.43141779527895,1357.8272229826782,0.34800000000000003,0.002772455808837823,2772.455808837823,6.562072338071825,6.535034144352309,21.304090086773982,True,,,False,,N/A_control,0.5075613559965859
TIC 206365300,206365300,control_star,2,False,False,0,,,,,,,5.374533970018404,1354.3662659899167,0.34800000000000003,0.00019399514436451286,193.99514436451287,5.703752151823353,7.202273338340753,25.69747414425256,False,,,False,,N/A_control,0.4633010329998797
TIC 220393258,220393258,control_star,2,False,False,0,,,,,,,0.5069520122574971,1354.4388332162496,0.34800000000000003,0.0004669639067092341,466.9639067092341,7.292016560159127,7.0981180419792285,24.603164291207275,True,,,False,,N/A_control,0.5303931639937218
TIC 220414222,220414222,control_star,2,False,False,0,,,,,,,2.248916036245942,1355.382722236883,0.34800000000000003,0.0004762111755130221,476.2111755130221,4.605670881380851,46.349572822802116,1069.5736635646124,False,,,False,,N/A_control,0.5022942610012251
TIC 231831914,231831914,control_star,2,False,False,0,,,,,,,7.623680372853241,1358.168949245533,0.34800000000000003,0.0034785887201728132,3478.5887201728133,7.258135330027065,136.65523179132128,9237.648597718371,True,,,False,,N/A_control,0.49429176999547053
TIC 308663672,308663672,control_star,2,False,False,0,,,,,,,12.30542103985874,1361.5012168785427,0.34800000000000003,0.0014529099049722914,1452.9099049722913,4.091626460128483,25.398107368919522,322.82576765199315,False,,,False,,N/A_control,0.44912293100060197
TIC 350094542,350094542,control_star,2,False,False,0,,,,,,,0.6291923651831887,1354.2592969289776,0.04,0.0014732365919985764,1473.2365919985764,12.868982034196257,33.3955429674414,550.3718134203915,True,,,False,,N/A_control,0.41324579199863365
TIC 389752086,389752086,control_star,2,False,False,0,,,,,,,10.625760712006063,1359.0829942740684,0.34800000000000003,0.00035013695688424396,350.13695688424394,7.182322525545238,7.515155727910114,27.813235979409512,True,,,False,,N/A_control,0.5035251539957244
NGTS-6,1528696,confirmed_planet_host,5,True,False,1,NGTS-6 b,TOI-448.01,0.8820624,2458438.402842,0.5759672,11755.4509288,0.8819301613304892,1438.4024638253015,0.04,0.0070987913191299,7098.791319129899,11.913996184005915,25.257269075736847,318.3671754058753,True,0.9998500801422769,0.0001499198577230391,True,1.0,fundamental,0.40329583599668695
WASP-61,13021029,confirmed_planet_host,5,True,False,1,WASP-61 b,TOI-439.01,3.85589,2459175.599762,3.9555399,9747.6035597,3.857182626367557,1439.1177255228663,0.128,0.009367870388724152,9367.870388724152,14.897321443357898,81.09458399126837,3307.162666158149,True,1.0003352342436005,0.0003352342436005129,True,1.0,fundamental,0.40333072900102707
TOI-431,31374837,confirmed_planet_host,5,True,True,3,TOI-431 c,TOI-431.01,12.4610086,2458440.630295,3.3195777,2078.1425981,12.452169796972772,1440.6351893903689,0.128,0.0018700583982205008,1870.0583982205007,16.007533491514224,65.04227879017351,2120.815346077273,True,0.999290683177345,0.0007093168226549276,True,1.0,fundamental,0.40307177099748515
HATS-44,32499655,confirmed_planet_host,5,True,False,1,HATS-44 b,TOI-437.01,2.7439029,2459197.575826,1.503168,13852.3979585,2.742916236886984,1440.2616160807336,0.04,0.013846599199241395,13846.599199241395,19.686330517016604,18.104109794429423,164.2815117360243,True,0.9996404161703331,0.00035958382966693397,True,1.0,fundamental,0.4229543349938467
WASP-35,43647325,confirmed_planet_host,5,True,False,1,WASP-35 b,TOI-423.01,3.1615697,2459176.768453,3.1425792,17482.2328085,3.161398112025323,1440.1220317943225,0.128,0.014377591552132151,14377.591552132151,14.469428737697799,316.1490886315818,50501.94389816422,True,0.9999457269676272,5.4273032372769714e-05,True,1.0,fundamental,0.40975012200215133
nan,44647437,confirmed_planet_host,5,True,False,1,,TOI-435.01,3.352907,2458411.844766,2.3906731,4205.1961016,3.3514886369196852,1438.6736713737107,0.084,0.003445453138491953,3445.453138491953,14.676376071354483,12.158183043474745,73.94402899638526,True,0.9995769751203016,0.00042302487969837635,True,1.0,fundamental,0.41645715900085634
LP 714-47,70899085,confirmed_planet_host,5,True,False,1,LP 714-47 b,TOI-442.01,4.0520368,2459196.115341,1.5605128,5512.4033193,4.051791835741313,1438.3852666573068,0.04,0.005376561501695928,5376.561501695928,21.512810012097212,45.85243224746382,1051.8098846025557,True,0.9999395454012938,6.045459870615843e-05,True,1.0,fundamental,0.40620747199864127
HATS-43,78055054,confirmed_planet_host,5,True,False,1,HATS-43 b,TOI-434.01,4.3888516,2459198.519993,3.0184015,24964.547823,4.39072110857116,1439.2403440689898,0.128,0.019465275115773395,19465.275115773395,15.330946194709549,82.51963393610778,3424.462969963038,True,1.0004259675973461,0.0004259675973460612,True,1.0,fundamental,0.42608103900420247
WASP-141,117979897,confirmed_planet_host,5,True,False,1,WASP-141 b,TOI-443.01,3.3106692,2459174.840517,3.7033867,9189.7342523,3.3106866736030076,1439.8707859765343,0.128,0.008483770425149573,8483.770425149574,14.34151396203109,72.7630913421514,2659.5040902827905,True,1.0000052779670672,5.27796706709142e-06,True,1.0,fundamental,0.4122808499960229
WASP-78,139528693,confirmed_planet_host,5,True,False,1,WASP-78 b,TOI-449.01,2.1751729,2459175.58961,4.7918806,7780.6435196,2.1747571425478207,1440.3788620698108,0.17200000000000001,0.007560451058683613,7560.451058683613,12.741793444544257,95.68701327374572,4589.6530390692815,True,0.9998088623427684,0.00019113765723151346,True,1.0,fundamental,0.3933479659972363
HATS-5,139733308,confirmed_planet_host,5,True,False,1,HATS-5 b,TOI-452.01,4.7633952,2459174.695544,3.0078272,13160.629831,4.765342111906774,1441.1335462370039,0.128,0.010173920286817843,10173.920286817844,17.339837976112626,67.4455825576345,2291.648168764988,True,1.000408723573214,0.00040872357321397937,True,1.0,fundamental,0.39860019800107693
WASP-120,152476657,confirmed_planet_host,5,True,False,1,WASP-120 b,TOI-415.01,3.6112621,2459166.483051,3.5377447,5684.0944144,3.613223544759344,1440.6122383494635,0.128,0.005143763464897038,5143.763464897039,15.277846148854115,88.63948036765497,3940.980056573929,True,1.0005431466077592,0.0005431466077591327,True,1.0,fundamental,0.3952758029990946
WASP-79,170634116,confirmed_planet_host,5,True,False,1,WASP-79 b,TOI-413.01,3.6623918,2459174.669346,3.7669692,12253.6582523,3.66284507360027,1438.5274942187189,0.128,0.011210023624919968,11210.023624919968,14.387881611215583,339.5039707589635,58094.003118992136,True,1.0001237643663001,0.0001237643663001348,True,1.0,fundamental,0.3993544059994747
WASP-140,178284730,confirmed_planet_host,5,True,False,1,WASP-140 b,TOI-418.01,2.2359865,2459146.100495,1.5254332,19058.0137423,2.2353028909763166,1439.532193212999,0.04,0.015887331973166295,15887.331973166296,17.634853327645654,211.17808349128438,22546.78548604041,True,0.9996942696104456,0.0003057303895544421,True,1.0,fundamental,0.39126777199999196
TOI-426,189013224,confirmed_planet_host,5,True,True,2,TOI-426 b,TOI-426.01,1.3205037,2458438.524066,2.0155519,469.4537481,12.289634803614867,1447.8108705493744,0.34800000000000003,0.004073529828081581,4073.529828081581,6.210660106395949,89.9631868688662,4064.3942815530786,True,9.306778014794556,3.6533890073972786,False,,unrecovered,0.4109995329999947
TOI-540,200322593,confirmed_planet_host,5,True,False,1,TOI-540 b,TOI-540.01,1.2391534,2459175.141647,0.4887749,2318.6594409,0.724710374581134,1438.4702229415766,0.34800000000000003,0.002782252298431041,2782.252298431041,9.14593019409236,106.94481723456181,5717.585352701353,True,0.5848431474110743,0.16968629482214873,False,,unrecovered,0.3890181790047791
GJ 238,260708537,confirmed_planet_host,5,True,False,1,GJ 238 b,TOI-486.01,1.7446984,2460985.903551,1.0880845,160.4642656,13.685029136357928,1451.6219802575388,0.17200000000000001,0.0005983035284231877,598.3035284231877,4.441353328142398,8.410956188818322,33.83768289988615,False,7.843779266581506,2.921889633290753,False,,unrecovered,0.40803129500272917
WASP-82,452808876,confirmed_planet_host,5,True,False,1,WASP-82 b,TOI-453.01,2.70582,2458438.96587,4.968,7500.0,2.7068699087967896,1438.9636681023262,0.17200000000000001,0.006078597352680284,6078.5973526802845,11.57790166559991,274.27020242557256,37800.1383639934,True,1.0003880187140273,0.0003880187140273396,True,1.0,fundamental,0.40277651700307615
TIC 9458628,9458628,control_star,5,False,False,0,,,,,,,4.164086970699411,1440.206897051412,0.34800000000000003,0.01610671567787459,16106.71567787459,6.382552550129376,366.72057770549515,67653.50334903273,True,,,False,,N/A_control,0.40537524100363953
TIC 37906724,37906724,control_star,5,False,False,0,,,,,,,0.5600355795678206,1438.4314636786137,0.34800000000000003,5.039171074982995e-05,50.39171074982995,5.2373604515725685,6.023293188825964,18.114271491449266,False,,,False,,N/A_control,0.4142999109972152
TIC 43846130,43846130,control_star,5,False,False,0,,,,,,,5.094003551370147,1438.1932612405915,0.304,0.0001314696326136189,131.4696326136189,5.400498794208089,8.67606521090689,37.28899698127275,False,,,False,,N/A_control,0.41866659799416084
TIC 44669966,44669966,control_star,5,False,False,0,,,,,,,0.8895528580428562,1438.825702049405,0.34800000000000003,0.0002878135409978642,287.8135409978642,7.649763217651642,43.589037425937974,950.6646059516382,True,,,False,,N/A_control,0.40233299499959685
TIC 56000767,56000767,control_star,5,False,False,0,,,,,,,12.953495758423976,1438.0080828009982,0.04,0.0005480146150575441,548.014615057544,6.508771531009031,10.968923415000035,60.81385787690806,True,,,False,,N/A_control,0.4135961749998387
TIC 140578791,140578791,control_star,5,False,False,0,,,,,,,0.7273397209751004,1438.7257140960232,0.26,0.00035275676638755793,352.75676638755795,5.868926116561132,6.015794360592484,18.087278018032094,False,,,False,,N/A_control,0.40513933100010036
TIC 150106948,150106948,control_star,5,False,False,0,,,,,,,10.94621314324187,1442.3453833417714,0.34800000000000003,0.0006425726112405505,642.5726112405505,6.193288667423644,6.3788608707735355,20.330053740128577,True,,,False,,N/A_control,0.4079263399980846
TIC 177115492,177115492,control_star,5,False,False,0,,,,,,,0.5999101378477516,1438.1679682143133,0.04,0.0012321426693841593,1232.1426693841593,13.280726469565494,35.795543999884565,573.0336485908363,True,,,False,,N/A_control,0.4268264819984324
TIC 200376190,200376190,control_star,5,False,False,0,,,,,,,0.9407170119466374,1438.7954815491871,0.34800000000000003,0.00015979249003334037,159.79249003334036,6.5686642592049695,28.017711921993335,392.39828293509373,True,,,False,,N/A_control,0.40846094399603317
TIC 219145683,219145683,control_star,5,False,False,0,,,,,,,7.300680734016215,1440.9304992207526,0.34800000000000003,0.00021032457503027807,210.32457503027808,5.58078889555458,8.809821075004434,38.81010933715206,False,,,False,,N/A_control,0.4178283979999833
TIC 260076575,260076575,control_star,5,False,False,0,,,,,,,4.59422787322739,1438.7441631180989,0.304,9.756028170554442e-05,97.56028170554443,5.236565881110815,6.4345926319449305,20.706496037374873,False,,,False,,N/A_control,0.40560862999700475
TIC 271889486,271889486,control_star,5,False,False,0,,,,,,,8.047727860397835,1439.2253175189617,0.34800000000000003,0.0027256809741068797,2725.6809741068796,9.01078043431844,59.731559290580726,1787.44341999761,True,,,False,,N/A_control,0.40620268500060774
TIC 300378592,300378592,control_star,5,False,False,0,,,,,,,9.907427144787968,1447.520964870472,0.34800000000000003,0.0012621500160693603,1262.1500160693604,7.142306811965772,12.093812734946589,72.58128993284483,True,,,False,,N/A_control,0.3992341880002641
TIC 311127875,311127875,control_star,5,False,False,0,,,,,,,0.791315511151978,1438.3756611963934,0.34800000000000003,4.98864147690851e-05,49.8864147690851,8.859284933687938,15.125322691353658,114.3474778640127,True,,,False,,N/A_control,0.41560087200195994
TIC 354572272,354572272,control_star,5,False,False,0,,,,,,,0.5750031733101534,1438.39373073085,0.34800000000000003,0.0014314643578236203,1431.4643578236203,4.800355699463862,5.09705950138642,12.946484960567696,False,,,False,,N/A_control,0.41035255099995993
TIC 382032265,382032265,control_star,5,False,False,0,,,,,,,5.853904518318829,1438.7008217542614,0.34800000000000003,0.0011493897331688427,1149.3897331688427,5.982301982180739,23.493578112440765,276.31513433752747,False,,,False,,N/A_control,0.4120491790017695
TIC 401946845,401946845,control_star,5,False,False,0,,,,,,,0.7364157285854912,1438.3562319199852,0.084,0.15605274412203213,156052.74412203213,11.55620333768513,2455.8949596374023,3322577.8681999873,True,,,False,,N/A_control,0.41344842800026527
TIC 407963329,407963329,control_star,5,False,False,0,,,,,,,0.5635799529314226,1438.5716023189973,0.34800000000000003,6.563020046998987e-05,65.63020046998987,5.506681037204409,5.133969682785637,13.194811153778762,False,,,False,,N/A_control,0.40831422199698864
HATS-45,4616072,confirmed_planet_host,6,True,False,1,HATS-45 b,TOI-466.01,4.1876154,2459201.891355,3.0070217,10906.185708,4.18455280043696,1469.0658452370953,0.084,0.011092984144565474,11092.984144565475,15.327713383799459,28.864723426746558,418.9661435110405,True,0.9992686530947804,0.0007313469052196155,True,1.0,fundamental,0.2797707739955513
HATS-6,33521996,confirmed_planet_host,6,True,False,1,HATS-6 b,TOI-468.01,3.3252703,2459220.820401,2.0538144,34741.7763037,3.3278504846703094,1469.3022910010939,0.084,0.027302815589047638,27302.815589047637,14.886855672052194,68.01614174945118,2337.8429613339918,True,1.0007759323115204,0.0007759323115204479,True,1.0,fundamental,0.25968840600398835
TOI-469,33692729,confirmed_planet_host,6,True,True,3,TOI-469.01,TOI-469.01,13.6308024,2458474.569581,4.3426564,1179.1033339,13.599919476677547,1474.5705156441104,0.17200000000000001,0.0010115300141838011,1011.5300141838011,11.43890726092234,29.33134156581157,430.6085071006237,True,0.9977343282943891,0.0022656717056109064,True,1.0,fundamental,0.26775131600152235
TOI-470,37770169,confirmed_planet_host,6,True,False,1,TOI-470 b,TOI-470.01,12.1914558,2458474.494915,3.3188127,2625.0570737,12.198553074230094,1474.4917963547673,0.128,0.0023811740747441607,2381.174074744161,13.835392409136439,20.85278825220199,217.87919417208064,True,1.000582151495812,0.00058215149581189,True,1.0,fundamental,0.26571787300053984
TIC 4205592,4205592,control_star,6,False,False,0,,,,,,,2.4406497955466757,1469.9672348398512,0.34800000000000003,0.0019755380354175432,1975.5380354175431,5.86615602301976,222.94952046620926,24893.63027488821,False,,,False,,N/A_control,0.26578706099826377
TIC 4290207,4290207,control_star,6,False,False,0,,,,,,,0.581450956765045,1468.4831697166544,0.084,0.0007296709767397821,729.6709767397821,5.734470771734061,49.665594782569194,1232.4740423670823,False,,,False,,N/A_control,0.26218628600327065
TIC 4293841,4293841,control_star,6,False,False,0,,,,,,,1.4157302311201005,1469.2312276682017,0.34800000000000003,0.01015923070167948,10159.23070167948,7.3401328439778295,34.915363832397006,610.4804250291077,True,,,False,,N/A_control,0.26231098999414826
TIC 4294111,4294111,control_star,6,False,False,0,,,,,,,10.624477277055227,1475.359246195933,0.34800000000000003,0.001044756436377328,1044.7564363773279,6.218703766092734,19.42398903879426,189.06214000503692,True,,,False,,N/A_control,0.26412449999770615
