target_name,tic_id,category,has_transit_label,usable_cadence_count,usable_cadence_fraction,baseline_days,detected_period_days,bls_max_power,bls_sde,bls_snr,bls_depth_ppm,bls_duration_hours,bls_t0_btjd,bls_runtime_sec,is_detected,catalog_period_days,catalog_t0_btjd,catalog_depth_ppm,harmonic_relationship,period_relative_error_pct,period_recovery_verdict,epoch_matching_status,processing_status
WASP-126,25155310,confirmed_planet_host,True,18278,0.9104403267583184,27.880683607256515,3.287304241147439,8401.189437189312,15.282289151526184,129.444657629196,6512.358512933384,3.072,1327.5246258808236,0.5059689120025723,True,3.2887898,1327.519958,7005.72,Fundamental (1.0x),0.045170380076004046,RECOVERED (Fundamental),Pending formal scoring engine implementation (GATE-12 Option C),SUCCESS
WASP-46,231663901,confirmed_planet_host,True,18276,0.9103407053197848,27.88002124610125,1.4304531035898156,4563.1116570804725,16.23723748024375,95.26550272973546,18382.577248685586,0.96,1326.0083471613705,0.5328456930001266,True,1.4303699,1326.009117,18960.71,Fundamental (1.0x),0.005816928181689639,RECOVERED (Fundamental),Pending formal scoring engine implementation (GATE-12 Option C),SUCCESS
WASP-91,238176110,confirmed_planet_host,True,18276,0.9103407053197848,27.88042210293702,2.797759437875393,17743.01238228828,17.060497015219223,187.4335214374051,14615.86589545564,2.016,1326.6926860838378,0.499571656997432,True,2.7985802,1326.688916,16708.72,Fundamental (1.0x),0.029327804313309364,RECOVERED (Fundamental),Pending formal scoring engine implementation (GATE-12 Option C),SUCCESS
LHS 3844,410153553,confirmed_planet_host,True,18275,0.910290894600518,27.88022872474744,0.9253498979895729,181.52267787977402,16.804804860540937,18.98048512127472,2343.8944417048733,0.96,1325.735138379482,0.5058360479961266,True,0.4629304,1325.724125,4507.33,Harmonic (2.0x),0.055181298357932305,RECOVERED (Harmonic 2x),Pending formal scoring engine implementation (GATE-12 Option C),SUCCESS
WASP-124,97409519,confirmed_planet_host,True,17477,0.8705419406256226,27.690583692433847,3.372829454141772,3970.029781193226,17.07760678085104,91.1046904249497,15312.234853151635,2.016,1327.0549018552767,0.47366470400447724,True,3.372877,1327.053085,17163.6,Fundamental (1.0x),0.0014096528935938026,RECOVERED (Fundamental),Pending formal scoring engine implementation (GATE-12 Option C),SUCCESS
TIC 265591866,265591866,control_star,False,18274,0.9102410838812512,27.87888432406544,2.281518795378724,209320786.29485938,8.412948673247497,15606.497086225034,590720.5268251935,5.184,1325.9212709298358,0.49598058099945774,True,,,,N/A (Control Star),,Control Peak (is_detected=True),N/A (Control Star),SUCCESS
TIC 306573321,306573321,control_star,False,18278,0.9104403267583184,27.88003022736143,0.5533962822453228,16.640130867661,5.512567160677452,5.7731507760545755,63.976767315733426,8.352,1325.5177795902853,0.5292450380002265,False,,,,N/A (Control Star),,Control Peak (is_detected=False),N/A (Control Star),SUCCESS
TIC 277891181,277891181,control_star,False,18276,0.9103407053197848,27.8801607405278,0.6991353306786801,16.05525498294719,4.3252327839031475,5.6717543645369535,52.508454715322685,8.352,1325.7444444836278,0.5146589600044535,False,,,,N/A (Control Star),,Control Peak (is_detected=False),N/A (Control Star),SUCCESS
TIC 370041901,370041901,control_star,False,18276,0.9103407053197848,27.880709719911692,0.5508053768614458,15.282953133408459,4.345305821929888,5.5370832488717,88.81738664066926,8.352,1325.5464910375383,0.5117070090054767,False,,,,N/A (Control Star),,Control Peak (is_detected=False),N/A (Control Star),SUCCESS
TIC 197712257,197712257,control_star,False,18064,0.8997808328352261,27.584751205652083,0.9762411854690649,14.413129167624792,5.3191978253545145,5.36096026316319,1030.2916451303604,3.072,1326.036749354465,0.49691845599591034,False,,,,N/A (Control Star),,Control Peak (is_detected=False),N/A (Control Star),SUCCESS
