target_name,tic_id,category,sector,is_host,is_known_multiplanet_system,sy_pnum,planet_name,toi_id,catalog_period_days,catalog_t0_bjd,catalog_t0_btjd,catalog_duration_hours,catalog_t0_err_days,catalog_depth_ppm,detected_period_days,detected_t0_btjd,detected_duration_days,detected_depth,detected_depth_ppm,sde,snr,max_power,is_detected,period_ratio,period_relative_error,is_period_recovered,recovery_harmonic,is_epoch_match,is_full_recovery,epoch_residual_days,circular_phase_difference,allowed_epoch_tolerance_days,match_status,harmonic_class,recovery_type,n_events_predicted,n_primary_adequate_events,n_boundary_adequate_events,n_inadequate_events,has_primary_adequate_coverage,has_boundary_adequate_coverage,grid_n_frequencies,grid_min_frequency,grid_max_frequency,grid_frequency_factor,search_runtime_sec
TIC 25065358,25065358,control_star,1,False,False,0,,,,,,,,,11.188401377475047,1328.5986134437671,0.26,0.0009638726874827599,963.8726874827599,13.345398866842093,10.997743085365244,61.58316238315778,True,,,False,,False,False,,,,N/A_control,non_match,N/A_control,0,0,0,0,False,False,7515,0.06673691734329701,2.0,5.0,0.5412887209677137
TIC 38610352,38610352,control_star,1,False,False,0,,,,,,,,,2.8741792334335274,1328.4245559618432,0.34800000000000003,0.0002468591791408137,246.85917914081372,8.109870254425688,7.1072767782895765,25.441391963175533,True,,,False,,False,False,,,,N/A_control,non_match,N/A_control,0,0,0,0,False,False,7079,0.0665701192170094,2.0,5.0,0.4988494429853745
TIC 150358170,150358170,control_star,1,False,False,0,,,,,,,,,1.5318155069554809,1325.7792269530848,0.216,0.0002024015320436296,202.4015320436296,5.8594568088701635,6.292250942934481,20.01373709265355,False,,,False,,False,False,,,,N/A_control,non_match,N/A_control,0,0,0,0,False,False,7515,0.06670940884907184,2.0,5.0,0.5334829219500534
TIC 165096948,165096948,control_star,1,False,False,0,,,,,,,,,5.512063143774363,1327.4630320657666,0.34800000000000003,0.0027293327656251714,2729.3327656251713,55.10488231916189,73.17580432846405,2678.467142740648,True,,,False,,False,False,,,,N/A_control,non_match,N/A_control,0,0,0,0,False,False,7437,0.06676785555020248,2.0,5.0,0.515712300024461
TIC 197712257,197712257,control_star,1,False,False,0,,,,,,,,,0.9762411854690649,1326.036749354465,0.128,0.0010302916451303604,1030.2916451303604,7.035744621401771,5.36096026316319,14.413129167624792,True,,,False,,False,False,,,,N/A_control,non_match,N/A_control,0,0,0,0,False,False,7357,0.06654720343482645,2.0,5.0,0.5071777570410632
TIC 238877488,238877488,control_star,1,False,False,0,,,,,,,,,8.31796231002699,1329.815458657824,0.34800000000000003,0.0001647322803999555,164.7322803999555,8.350768132762655,14.002920343248494,97.90112397764703,True,,,False,,False,False,,,,N/A_control,non_match,N/A_control,0,0,0,0,False,False,7515,0.06670493330661076,2.0,5.0,0.5155468049924821
TIC 265591866,265591866,control_star,1,False,False,0,,,,,,,,,2.281518795378724,1325.9212709298358,0.216,0.5907205268251935,590720.5268251935,71.3909439034187,15606.497086225034,209320786.29485938,True,,,False,,False,False,,,,N/A_control,non_match,N/A_control,0,0,0,0,False,False,7514,0.06672958595834233,2.0,5.0,0.5044582419795915
TIC 277891181,277891181,control_star,1,False,False,0,,,,,,,,,0.6991353306786801,1325.7444444836278,0.34800000000000003,5.2508454715322686e-05,52.508454715322685,6.0591712898606795,5.6717543645369535,16.05525498294719,True,,,False,,False,False,,,,N/A_control,non_match,N/A_control,0,0,0,0,False,False,7515,0.06664930104106936,2.0,5.0,0.5248449560021982
TIC 306573321,306573321,control_star,1,False,False,0,,,,,,,,,0.5533962822453228,1325.5177795902853,0.34800000000000003,6.397676731573343e-05,63.976767315733426,6.967622700054615,5.7731507760545755,16.640130867661,True,,,False,,False,False,,,,N/A_control,non_match,N/A_control,0,0,0,0,False,False,7515,0.0666312000340068,2.0,5.0,0.5258991400478408
TIC 370041901,370041901,control_star,1,False,False,0,,,,,,,,,0.5508053768614458,1325.5464910375383,0.34800000000000003,8.881738664066926e-05,88.81738664066926,5.061318171527199,5.5370832488717,15.282953133408459,False,,,False,,False,False,,,,N/A_control,non_match,N/A_control,0,0,0,0,False,False,7515,0.06672543678057385,2.0,5.0,0.5246120970114134
TIC 12417837,12417837,control_star,2,False,False,0,,,,,,,,,0.953199695711615,1354.899153499073,0.34800000000000003,0.00021850657320208474,218.50657320208475,4.867137404368345,5.614320474794382,15.543626590143564,False,,,False,,False,False,,,,N/A_control,non_match,N/A_control,0,0,0,0,False,False,7261,0.06677465262200566,2.0,5.0,0.5094110190402716
TIC 38759751,38759751,control_star,2,False,False,0,,,,,,,,,0.8217891109473316,1354.4990261624803,0.34800000000000003,0.00015321554917830673,153.21554917830673,7.227503970545487,166.5087762778531,13860.631610704479,True,,,False,,False,False,,,,N/A_control,non_match,N/A_control,0,0,0,0,False,False,7261,0.06677432933895888,2.0,5.0,0.5089014479890466
TIC 38823112,38823112,control_star,2,False,False,0,,,,,,,,,11.61401887180883,1362.3670208553915,0.304,0.0006322990873609223,632.2990873609223,9.26464718832448,6.5612263777097715,21.555185547504706,True,,,False,,False,False,,,,N/A_control,non_match,N/A_control,0,0,0,0,False,False,7261,0.0666629487931496,2.0,5.0,0.5201924070133828
TIC 38909490,38909490,control_star,2,False,False,0,,,,,,,,,0.5709208314054766,1354.4149078629182,0.34800000000000003,8.206975059689593e-05,82.06975059689593,6.43080907872539,5.7231418132484375,16.171667515944943,True,,,False,,False,False,,,,N/A_control,non_match,N/A_control,0,0,0,0,False,False,7261,0.06677278072113224,2.0,5.0,0.5203006030060351
TIC 47338708,47338708,control_star,2,False,False,0,,,,,,,,,0.7404696058016166,1354.3997273352923,0.34800000000000003,2.4532838152933348e-05,24.532838152933348,7.650594430699073,7.620556988877456,28.986802982963304,True,,,False,,False,False,,,,N/A_control,non_match,N/A_control,0,0,0,0,False,False,7261,0.0666620725260989,2.0,5.0,0.5232771190349013
TIC 47389361,47389361,control_star,2,False,False,0,,,,,,,,,0.6864588739078887,1354.4757886667526,0.34800000000000003,0.0005871949091962671,587.1949091962671,11.471359626536627,92.96037603977132,4293.593076389107,True,,,False,,False,False,,,,N/A_control,non_match,N/A_control,0,0,0,0,False,False,7261,0.06667448567339451,2.0,5.0,0.5328394210082479
TIC 66473443,66473443,control_star,2,False,False,0,,,,,,,,,0.5171446555488226,1354.303544662053,0.34800000000000003,4.8378953886896144e-05,48.37895388689614,4.314475424196761,5.250166874837275,13.713898485699216,False,,,False,,False,False,,,,N/A_control,non_match,N/A_control,0,0,0,0,False,False,7261,0.06676792248407382,2.0,5.0,0.5209070759592578
TIC 77044681,77044681,control_star,2,False,False,0,,,,,,,,,0.5464952751108441,1354.5271769567603,0.34800000000000003,5.029493886514442e-05,50.29493886514442,7.66545116020264,6.428163666249549,20.29013726609708,True,,,False,,False,False,,,,N/A_control,non_match,N/A_control,0,0,0,0,False,False,7261,0.0667493338947951,2.0,5.0,0.5119111990206875
TIC 89529092,89529092,control_star,2,False,False,0,,,,,,,,,0.6065123906749904,1354.343465379959,0.34800000000000003,7.249970599489583e-05,72.49970599489583,6.1561978241759805,5.360697032897035,14.250537445373034,True,,,False,,False,False,,,,N/A_control,non_match,N/A_control,0,0,0,0,False,False,7261,0.06677556527390904,2.0,5.0,0.539962753013242
TIC 116157661,116157661,control_star,2,False,False,0,,,,,,,,,0.8601913249140297,1354.838602077321,0.34800000000000003,0.01950697021728395,19506.97021728395,305.7842881915319,424.41541211160643,89232.91623103646,True,,,False,,False,False,,,,N/A_control,non_match,N/A_control,0,0,0,0,False,False,7261,0.06676719082097193,2.0,5.0,0.5069413229939528
TIC 175366823,175366823,control_star,2,False,False,0,,,,,,,,,5.43141779527895,1357.8272229826782,0.34800000000000003,0.002772455808837823,2772.455808837823,8.104989758781134,6.535034144352309,21.304090086773982,True,,,False,,False,False,,,,N/A_control,non_match,N/A_control,0,0,0,0,False,False,7261,0.06667657504034286,2.0,5.0,0.5352490550139919
TIC 206365300,206365300,control_star,2,False,False,0,,,,,,,,,5.374533970018404,1354.3662659899167,0.34800000000000003,0.00019399514436451286,193.99514436451287,6.199688360491641,7.202273338340753,25.69747414425256,True,,,False,,False,False,,,,N/A_control,non_match,N/A_control,0,0,0,0,False,False,6873,0.06678388471391439,2.0,5.0,0.5006078670267016
TIC 220393258,220393258,control_star,2,False,False,0,,,,,,,,,0.5069520122574971,1354.4388332162496,0.34800000000000003,0.0004669639067092341,466.9639067092341,9.560500683604472,7.0981180419792285,24.603164291207275,True,,,False,,False,False,,,,N/A_control,non_match,N/A_control,0,0,0,0,False,False,7262,0.06655026640944706,2.0,5.0,0.5556852250010706
TIC 220414222,220414222,control_star,2,False,False,0,,,,,,,,,2.248916036245942,1355.382722236883,0.34800000000000003,0.0004762111755130221,476.2111755130221,6.130561625610672,46.349572822802116,1069.5736635646124,True,,,False,,False,False,,,,N/A_control,non_match,N/A_control,0,0,0,0,False,False,7262,0.06654109893844562,2.0,5.0,0.5371971330023371
TIC 231831914,231831914,control_star,2,False,False,0,,,,,,,,,7.623680372853241,1358.168949245533,0.34800000000000003,0.0034785887201728132,3478.5887201728133,52.30340186439978,136.65523179132128,9237.648597718371,True,,,False,,False,False,,,,N/A_control,non_match,N/A_control,0,0,0,0,False,False,7261,0.06672783662800952,2.0,5.0,0.5479247809853405
TIC 308663672,308663672,control_star,2,False,False,0,,,,,,,,,12.30542103985874,1361.5012168785427,0.34800000000000003,0.0014529099049722914,1452.9099049722913,14.809132706241407,25.398107368919522,322.82576765199315,True,,,False,,False,False,,,,N/A_control,non_match,N/A_control,0,0,0,0,False,False,6720,0.0665896089862259,2.0,5.0,0.45210253598634154
TIC 350094542,350094542,control_star,2,False,False,0,,,,,,,,,0.6291923651831887,1354.2592969289776,0.04,0.0014732365919985764,1473.2365919985764,101.28362620626996,33.3955429674414,550.3718134203915,True,,,False,,False,False,,,,N/A_control,non_match,N/A_control,0,0,0,0,False,False,6244,0.06654881550518277,2.0,5.0,0.3890690690022893
TIC 389752086,389752086,control_star,2,False,False,0,,,,,,,,,10.625760712006063,1359.0829942740684,0.34800000000000003,0.00035013695688424396,350.13695688424394,9.912233092039004,7.515155727910114,27.813235979409512,True,,,False,,False,False,,,,N/A_control,non_match,N/A_control,0,0,0,0,False,False,7261,0.06668229701466744,2.0,5.0,0.5415488199796528
TIC 9458628,9458628,control_star,5,False,False,0,,,,,,,,,4.164086970699411,1440.206897051412,0.34800000000000003,0.01610671567787459,16106.71567787459,97.96004126767106,366.72057770549515,67653.50334903273,True,,,False,,False,False,,,,N/A_control,non_match,N/A_control,0,0,0,0,False,False,6305,0.06655581992663984,2.0,5.0,0.44602129398845136
TIC 37906724,37906724,control_star,5,False,False,0,,,,,,,,,0.5600355795678206,1438.4314636786137,0.34800000000000003,5.039171074982995e-05,50.39171074982995,6.177169759205322,6.023293188825964,18.114271491449266,True,,,False,,False,False,,,,N/A_control,non_match,N/A_control,0,0,0,0,False,False,6331,0.06674259606318822,2.0,5.0,0.45652299298672006
TIC 43846130,43846130,control_star,5,False,False,0,,,,,,,,,5.094003551370147,1438.1932612405915,0.304,0.0001314696326136189,131.4696326136189,10.062850973775593,8.67606521090689,37.28899698127275,True,,,False,,False,False,,,,N/A_control,non_match,N/A_control,0,0,0,0,False,False,6399,0.06667558394483342,2.0,5.0,0.47002953302580863
TIC 44669966,44669966,control_star,5,False,False,0,,,,,,,,,0.8895528580428562,1438.825702049405,0.34800000000000003,0.0002878135409978642,287.8135409978642,14.175182166707144,43.589037425937974,950.6646059516382,True,,,False,,False,False,,,,N/A_control,non_match,N/A_control,0,0,0,0,False,False,6352,0.06657699335192513,2.0,5.0,0.4453566360170953
TIC 56000767,56000767,control_star,5,False,False,0,,,,,,,,,12.953495758423976,1438.0080828009982,0.04,0.0005480146150575441,548.014615057544,9.682693339052813,10.968923415000035,60.81385787690806,True,,,False,,False,False,,,,N/A_control,non_match,N/A_control,0,0,0,0,False,False,6399,0.06662277600861155,2.0,5.0,0.4632393990177661
TIC 140578791,140578791,control_star,5,False,False,0,,,,,,,,,0.7273397209751004,1438.7257140960232,0.26,0.00035275676638755793,352.75676638755795,7.583012920893831,6.015794360592484,18.087278018032094,True,,,False,,False,False,,,,N/A_control,non_match,N/A_control,0,0,0,0,False,False,6248,0.0667494198298706,2.0,5.0,0.4511840940103866
TIC 150106948,150106948,control_star,5,False,False,0,,,,,,,,,10.94621314324187,1442.3453833417714,0.34800000000000003,0.0006425726112405505,642.5726112405505,9.19589917796693,6.3788608707735355,20.330053740128577,True,,,False,,False,False,,,,N/A_control,non_match,N/A_control,0,0,0,0,False,False,6240,0.06656418294514466,2.0,5.0,0.435307367995847
TIC 177115492,177115492,control_star,5,False,False,0,,,,,,,,,0.5999101378477516,1438.1679682143133,0.04,0.0012321426693841593,1232.1426693841593,41.27604712911762,35.795543999884565,573.0336485908363,True,,,False,,False,False,,,,N/A_control,non_match,N/A_control,0,0,0,0,False,False,6246,0.06681452189906345,2.0,5.0,0.4590522229555063
TIC 200376190,200376190,control_star,5,False,False,0,,,,,,,,,0.9407170119466374,1438.7954815491871,0.34800000000000003,0.00015979249003334037,159.79249003334036,6.875631500641163,28.017711921993335,392.39828293509373,True,,,False,,False,False,,,,N/A_control,non_match,N/A_control,0,0,0,0,False,False,6385,0.06668161182661936,2.0,5.0,0.4509405139833689
TIC 219145683,219145683,control_star,5,False,False,0,,,,,,,,,7.300680734016215,1440.9304992207526,0.34800000000000003,0.00021032457503027807,210.32457503027808,9.444361271000389,8.809821075004434,38.81010933715206,True,,,False,,False,False,,,,N/A_control,non_match,N/A_control,0,0,0,0,False,False,6385,0.06671635328802528,2.0,5.0,0.5070058630080894
TIC 260076575,260076575,control_star,5,False,False,0,,,,,,,,,4.59422787322739,1438.7441631180989,0.304,9.756028170554442e-05,97.56028170554443,6.610658358214112,6.4345926319449305,20.706496037374873,True,,,False,,False,False,,,,N/A_control,non_match,N/A_control,0,0,0,0,False,False,6298,0.06660343283589443,2.0,5.0,0.44960360397817567
TIC 271889486,271889486,control_star,5,False,False,0,,,,,,,,,8.047727860397835,1439.2253175189617,0.34800000000000003,0.0027256809741068797,2725.6809741068796,40.72603027926003,59.731559290580726,1787.44341999761,True,,,False,,False,False,,,,N/A_control,non_match,N/A_control,0,0,0,0,False,False,6255,0.06676231920088638,2.0,5.0,0.4274122630013153
TIC 300378592,300378592,control_star,5,False,False,0,,,,,,,,,9.907427144787968,1447.520964870472,0.34800000000000003,0.0012621500160693603,1262.1500160693604,23.727747626147025,12.093812734946589,72.58128993284483,True,,,False,,False,False,,,,N/A_control,non_match,N/A_control,0,0,0,0,False,False,6203,0.0666439616849741,2.0,5.0,0.4038272050092928
TIC 311127875,311127875,control_star,5,False,False,0,,,,,,,,,0.791315511151978,1438.3756611963934,0.34800000000000003,4.98864147690851e-05,49.8864147690851,27.110868692486264,15.125322691353658,114.3474778640127,True,,,False,,False,False,,,,N/A_control,non_match,N/A_control,0,0,0,0,False,False,6348,0.06653740678735298,2.0,5.0,0.44658326799981296
TIC 354572272,354572272,control_star,5,False,False,0,,,,,,,,,0.5750031733101534,1438.39373073085,0.34800000000000003,0.0014314643578236203,1431.4643578236203,5.800506078556095,5.09705950138642,12.946484960567696,False,,,False,,False,False,,,,N/A_control,non_match,N/A_control,0,0,0,0,False,False,6278,0.06666055886638977,2.0,5.0,0.43926959700183943
TIC 382032265,382032265,control_star,5,False,False,0,,,,,,,,,5.853904518318829,1438.7008217542614,0.34800000000000003,0.0011493897331688427,1149.3897331688427,49.918448038324115,23.493578112440765,276.31513433752747,True,,,False,,False,False,,,,N/A_control,non_match,N/A_control,0,0,0,0,False,False,6328,0.06662497194033645,2.0,5.0,0.43408409698167816
TIC 401946845,401946845,control_star,5,False,False,0,,,,,,,,,0.7364157285854912,1438.3562319199852,0.084,0.15605274412203213,156052.74412203213,218.58701136962435,2455.8949596374023,3322577.8681999873,True,,,False,,False,False,,,,N/A_control,non_match,N/A_control,0,0,0,0,False,False,6363,0.06679693881617288,2.0,5.0,0.44649776903679594
TIC 407963329,407963329,control_star,5,False,False,0,,,,,,,,,0.5635799529314226,1438.5716023189973,0.34800000000000003,6.563020046998987e-05,65.63020046998987,6.486538552331412,5.133969682785637,13.194811153778762,True,,,False,,False,False,,,,N/A_control,non_match,N/A_control,0,0,0,0,False,False,6205,0.06657253221817605,2.0,5.0,0.4156007780111395
TIC 4205592,4205592,control_star,6,False,False,0,,,,,,,,,2.4406497955466757,1469.9672348398512,0.34800000000000003,0.0019755380354175432,1975.5380354175431,115.71857587768204,222.94952046620926,24893.63027488821,True,,,False,,False,False,,,,N/A_control,non_match,N/A_control,0,0,0,0,False,False,4583,0.0666937890703665,2.0,5.0,0.2657304980093613
TIC 4290207,4290207,control_star,6,False,False,0,,,,,,,,,0.581450956765045,1468.4831697166544,0.084,0.0007296709767397821,729.6709767397821,7.866591006321138,49.665594782569194,1232.4740423670823,True,,,False,,False,False,,,,N/A_control,non_match,N/A_control,0,0,0,0,False,False,4583,0.06669621236050416,2.0,5.0,0.2627604689914733
TIC 4293841,4293841,control_star,6,False,False,0,,,,,,,,,1.4157302311201005,1469.2312276682017,0.34800000000000003,0.01015923070167948,10159.23070167948,74.89434952821452,34.915363832397006,610.4804250291077,True,,,False,,False,False,,,,N/A_control,non_match,N/A_control,0,0,0,0,False,False,4583,0.06669677290386411,2.0,5.0,0.2622140960302204
TIC 4294111,4294111,control_star,6,False,False,0,,,,,,,,,10.624477277055227,1475.359246195933,0.34800000000000003,0.001044756436377328,1044.7564363773279,25.66739656479491,19.42398903879426,189.06214000503692,True,,,False,,False,False,,,,N/A_control,non_match,N/A_control,0,0,0,0,False,False,4583,0.06669654109465228,2.0,5.0,0.27674054697854444
WASP-126,25155310,confirmed_planet_host,1,True,False,1,WASP-126 b,TOI-114.01,3.2887898,2458327.519958,1327.5199580001645,3.4367717,6.1e-05,7005.7247902,3.287304241147439,1327.5246258808236,0.128,0.006512358512933384,6512.358512933384,108.19179762053018,129.444657629196,8401.189437189312,True,0.9995482961992399,0.00045170380076004044,True,1.0,True,True,0.004667880659098955,0.001419330800374945,0.035800172932593056,full_recovery,fundamental_1.0x,fundamental,8,8,0,0,True,False,7515,0.06672181542348099,2.0,5.0,0.5432393330265768
WASP-124,97409519,confirmed_planet_host,1,True,False,1,WASP-124 b,TOI-113.01,3.372877,2458327.053085,1327.0530849997886,2.63426,0.000623,17163.60419,3.372829454141772,1327.0549018552767,0.084,0.015312234853151635,15312.234853151635,88.85649230212358,91.1046904249497,3970.029781193226,True,0.9999859034710641,1.4096528935938026e-05,True,1.0,True,True,0.001816855488186775,0.0005386663931672501,0.027503785091814836,full_recovery,fundamental_1.0x,fundamental,8,8,0,0,True,False,7413,0.06669138787265783,2.0,5.0,0.4906456090393476
WASP-95,144065872,confirmed_planet_host,1,True,False,1,WASP-95 b,TOI-105.01,2.1846669,2460904.412675,3904.412674999796,2.6989102,9.3e-05,11535.5475157,2.1855894148989865,1326.5022915348225,0.084,0.011038274161456986,11038.274161456986,117.12152630488023,374.43250350897006,70702.16450289176,True,1.0004222679892236,0.000422267989223734,True,1.0,True,True,0.003441464973334989,0.0015752813270228927,0.028115032281366775,full_recovery,fundamental_1.0x,fundamental,13,12,0,1,True,False,7515,0.06671796342792446,2.0,5.0,0.5425597429857589
WASP-62,149603524,confirmed_planet_host,1,True,False,1,WASP-62 b,TOI-102.01,4.4119372,2460982.065462,3982.0654620002024,3.6321285,0.000897,14711.8810303,4.410044435317912,1326.08357805538,0.128,0.01301378399125738,13013.78399125738,67.82354488060751,340.4682076048372,58444.20846776208,True,0.9995709901124413,0.00042900988755871223,True,1.0,True,True,0.004310455177217065,0.0009769983075047092,0.037930250155896884,full_recovery,fundamental_1.0x,fundamental,7,6,0,1,True,False,7515,0.06672050309833111,2.0,5.0,0.5429994810256176
WASP-46,231663901,confirmed_planet_host,1,True,False,1,WASP-46 b,TOI-101.01,1.4303699,2458326.009117,1326.009116999805,1.6165994,0.000132,18960.7122944,1.4304531035898156,1326.0083471613705,0.04,0.018382577248685587,18382.577248685586,157.57310675741164,95.26550272973546,4563.1116570804725,True,1.000058169281817,5.816928181689639e-05,True,1.0,True,True,0.0007698384345075602,0.0005382093362755747,0.016844232613732368,full_recovery,fundamental_1.0x,fundamental,20,18,1,1,True,True,7515,0.06662995440432362,2.0,5.0,0.5513249689829536
WASP-73,231670397,confirmed_planet_host,1,True,False,1,WASP-73 b,TOI-104.01,4.0872956,2460150.608677,3150.6086769998074,5.586113,0.000682,3572.1712499,4.086907125227214,1327.6761960216863,0.216,0.003245847558110652,3245.847558110652,78.01803806300555,109.56287588635966,6022.443225378254,True,0.999904955547432,9.50444525679976e-05,True,1.0,True,True,0.0013566218789922146,0.0003319118585384954,0.058224636166389586,full_recovery,fundamental_1.0x,fundamental,7,7,0,0,True,False,7515,0.06663062684822885,2.0,5.0,0.552406066970434
WASP-91,238176110,confirmed_planet_host,1,True,False,1,WASP-91 b,TOI-116.01,2.7985802,2458326.688916,1326.688916000072,2.3801043,7.4e-05,16708.7151957,2.797759437875393,1326.6926860838378,0.084,0.014615865895455639,14615.86589545564,123.98177854200166,187.4335214374051,17743.01238228828,True,0.9997067219568669,0.0002932780431330936,True,1.0,True,True,0.0037700837658576347,0.0013471415848141978,0.024793747024546276,full_recovery,fundamental_1.0x,fundamental,10,10,0,0,True,False,7515,0.06668554890175171,2.0,5.0,0.5224117370089516
HATS-3,336732616,confirmed_planet_host,1,True,False,1,HATS-3 b,TOI-103.01,3.547854,2458327.25256,1327.2525599999353,3.494333,0.000586,10424.3718,3.5482572387168503,1327.2494904759199,0.128,0.009508530717555063,9508.530717555064,99.03544913088041,101.4712631534655,5172.6643453808565,True,1.0001136570774474,0.0001136570774474424,True,1.0,True,True,0.003069524015472647,0.0008651776582330184,0.036441730970876704,full_recovery,fundamental_1.0x,fundamental,8,8,0,0,True,False,7441,0.06666727285616902,2.0,5.0,0.52191537496401
TOI-198,12421862,confirmed_planet_host,2,True,False,1,TOI-198 b,TOI-198.01,10.2152025,2458356.371864,1356.3718639998697,2.3476219,0.00187,960.5475682,10.210987528589124,1356.3751417625458,0.084,0.0009150888378231554,915.0888378231554,20.518218355632303,12.240705337925311,74.46848867286238,True,0.9995873824908633,0.00041261750913663676,True,1.0,True,True,0.003277762676134444,0.0003208710425597969,0.02508962982243249,full_recovery,fundamental_1.0x,fundamental,3,3,0,0,True,False,7261,0.0667784980802355,2.0,5.0,0.5197997840004973
TOI-209,52204645,confirmed_planet_host,2,True,False,1,TOI-209 b,TOI-209.01,4.3794298,2458325.884839,1325.8848390001804,1.6639354,0.000996,969.6957616,4.3752791711801855,1356.5647916073128,0.084,0.0008126013266588192,812.6013266588192,16.36309396049844,9.865125351816781,48.41842273947936,True,0.9990522444680323,0.0009477555319676766,True,1.0,False,False,0.02394400713246636,0.005467380053098776,0.01758832741108385,period_only_match,fundamental_1.0x,fundamental,6,6,0,0,True,False,7121,0.06672666016762108,2.0,5.0,0.5111037729657255
TOI-181,76923707,confirmed_planet_host,2,True,False,1,TOI-181 b,TOI-181.01,4.5320502,2458358.118263,1358.1182630001567,2.4927338,0.000227,7809.0577339,4.532599322585744,1358.1152857030586,0.084,0.006811944051268673,6811.944051268672,65.78163706167742,89.45489695109009,3946.6466543796173,True,1.0001211642769854,0.00012116427698540872,True,1.0,True,True,0.0029772970981414453,0.0006569426565798953,0.02597490571478926,full_recovery,fundamental_1.0x,fundamental,6,5,0,1,True,False,7261,0.06670606569176374,2.0,5.0,0.5018967720097862
WASP-29,183537452,confirmed_planet_host,2,True,False,1,WASP-29 b,TOI-192.01,3.9227113,2460929.713786,3929.71378599992,2.6326626,0.000177,11362.3670709,3.9217724974492087,1356.4189154222456,0.084,0.01053165434678906,10531.65434678906,72.52220482142464,166.60125649388186,13794.688179445044,True,0.9997606750844011,0.0002393249155988773,True,1.0,True,True,0.003742222325634259,0.0009539887183729935,0.027428709119934475,full_recovery,fundamental_1.0x,fundamental,7,6,0,1,True,False,7261,0.06671810800374711,2.0,5.0,0.49875871400581673
LTT 9779,183985250,confirmed_planet_host,2,True,False,1,LTT 9779 b,TOI-193.01,0.7920645,2460933.175839,3933.175838999916,0.3656119,0.000213,1561.7798964,0.7918239815023025,1354.2209817710627,0.04,0.0010308998691258506,1030.8998691258505,168.38353943034116,49.12628724325826,1197.7798386423,True,0.9996963397580658,0.00030366024193416284,True,1.0,False,False,0.0071547711466912745,0.009033066305447694,0.0038616923676607125,period_only_match,fundamental_1.0x,fundamental,35,33,0,2,True,False,7261,0.06672845761131785,2.0,5.0,0.5121136840316467
HIP 65 A,201248411,confirmed_planet_host,2,True,False,1,HIP 65 A b,TOI-129.01,0.980972,2460205.646862,3205.646862000227,0.5405036,0.000584,6178.392421,0.9808784309988093,1354.5520687069245,0.04,0.0032879772713701157,3287.977271370116,53.946766068569765,92.2314565125841,4205.615316166135,True,0.9999046160326792,9.538396732079889e-05,True,1.0,True,True,0.000629293302557841,0.0006414997599909489,0.005896538997053047,full_recovery,fundamental_1.0x,fundamental,28,26,0,2,True,False,7261,0.06668355364331613,2.0,5.0,0.500969281012658
WASP-20,211438925,confirmed_planet_host,2,True,False,1,WASP-20 b,TOI-194.01,4.8996461,2460198.831716,3198.8317160001025,3.07,0.00026,10957.0,4.897058343485874,1356.573067616696,0.128,0.008143230061449316,8143.230061449316,75.23404215584902,163.22101005209845,13226.98256152938,True,0.9994718482802001,0.0005281517197999519,True,1.0,True,True,0.00828521659364867,0.001690982659675904,0.03198867769531032,full_recovery,fundamental_1.0x,fundamental,6,6,0,0,True,False,7262,0.06653719929920787,2.0,5.0,0.5051759309717454
WASP-97,230982885,confirmed_planet_host,2,True,False,1,WASP-97 b,TOI-195.01,2.0727598,2458355.490424,1355.4904240001924,2.619,6.2e-05,14761.0,2.072849035659937,1355.48912939936,0.084,0.01261939101365745,12619.39101365745,132.12181865968924,345.00336576506623,59667.001197165206,True,1.0000430516164664,4.305161646656006e-05,True,1.0,True,True,0.0012946008323525488,0.0006245783193752352,0.027281884054487514,full_recovery,fundamental_1.0x,fundamental,13,12,0,1,True,False,7261,0.06675308439736449,2.0,5.0,0.5028981150244363
HATS-71,234523599,confirmed_planet_host,2,True,False,1,HATS-71 b,TOI-127.01,3.7955178,2458325.650603,1325.6506030000746,2.0198135,0.000243,52278.9940979,3.7951335304201996,1356.0171918047722,0.084,0.03869744741901636,38697.44741901636,69.43009686699091,48.034095500219394,1156.2805543726802,True,0.9998987570075946,0.00010124299240546323,True,1.0,True,True,0.0024464046975865017,0.0006445509747277439,0.02105234963710383,full_recovery,fundamental_1.0x,fundamental,7,6,0,1,True,False,7261,0.06670390561388428,2.0,5.0,0.5198267929954454
HATS-30,281459670,confirmed_planet_host,2,True,False,1,HATS-30 b,TOI-110.01,3.1743504,2458328.039934,1328.0399340000004,2.751086,0.000227,15457.3247576,3.1731978286465163,1356.613594795268,0.084,0.013882968840594626,13882.968840594625,85.75781781403896,99.13329750187579,4923.347576171857,True,0.9996369111130632,0.00036308888693682207,True,1.0,True,True,0.004507195267644093,0.0014198795657984365,0.02866523623333556,full_recovery,fundamental_1.0x,fundamental,8,8,0,0,True,False,7261,0.06668449855314229,2.0,5.0,0.5049054080154747
HATS-46,281541555,confirmed_planet_host,2,True,False,1,HATS-46 b,TOI-115.01,4.7423709,2458329.903155,1329.903154999949,2.4988145,0.000542,12650.8110411,4.744613507227694,1358.34979242822,0.084,0.011551876485144006,11551.876485144006,31.876296929776156,26.54291950558986,353.6524635350093,True,1.0004728873542332,0.00047288735423325077,True,1.0,True,True,0.007587971728939821,0.0016000375948957979,0.026080054761471558,full_recovery,fundamental_1.0x,fundamental,5,4,0,1,True,False,7261,0.06669984335286716,2.0,5.0,0.5280336320283823
HATS-34,355703913,confirmed_planet_host,2,True,False,1,HATS-34 b,TOI-111.01,2.1061569,2458326.105486,1326.1054859999567,1.4688934,0.000396,12142.2238514,2.105701635714008,1355.5955474412403,0.04,0.010009767529784486,10009.767529784487,64.59524024111855,24.165184511809098,288.4418769889749,True,0.9997838412294962,0.00021615877050389556,True,1.0,True,True,0.003864841283611753,0.001835020593010783,0.01534702304020447,full_recovery,fundamental_1.0x,fundamental,13,12,0,1,True,False,7261,0.06666350732520687,2.0,5.0,0.5169903849600814
WASP-119,388104525,confirmed_planet_host,2,True,False,1,WASP-119 b,TOI-112.01,2.4997996,2460069.773646,3069.7736459998414,2.865171,0.000365,14621.2059647,2.4991039155234067,1354.90752224233,0.084,0.01411891805142877,14118.918051428771,95.57700041120961,139.0730570609779,9527.377268311908,True,0.9997217039011475,0.00027829609885251307,True,1.0,True,True,0.003598157511477041,0.001439378385162171,0.029865611672870968,full_recovery,fundamental_1.0x,fundamental,11,10,0,1,True,False,7261,0.06675120921314148,2.0,5.0,0.5034427409991622
HD 221416,441462736,confirmed_planet_host,2,True,False,1,HD 221416 b,TOI-197.01,14.2811731,2460927.616153,3927.6161529999226,8.571366,0.002398,762.9376583,14.297945761224462,1357.007598496223,0.34800000000000003,0.000692843968299303,692.843968299303,24.59684510268553,59.74481542941688,1787.0803614108797,True,1.0011744596264618,0.0011744596264617376,True,1.0,True,True,0.0026034963005798772,0.000182302691967222,0.08957441611101301,full_recovery,fundamental_1.0x,fundamental,2,2,0,0,True,False,7261,0.0667446536596048,2.0,5.0,0.5251886299811304
NGTS-6,1528696,confirmed_planet_host,5,True,False,1,NGTS-6 b,TOI-448.01,0.8820624,2458438.402842,1438.4028420001268,0.5759672,0.000215,11755.4509288,0.8819301613304892,1438.4024638253015,0.04,0.0070987913191299,7098.791319129899,61.902880522658016,25.257269075736847,318.3671754058753,True,0.9998500801422769,0.0001499198577230391,True,1.0,True,True,0.0003781748253004464,0.00042873931062070714,0.006034229455095001,full_recovery,fundamental_1.0x,fundamental,30,29,0,1,True,False,6287,0.0666010304351845,2.0,5.0,0.4202357060275972
WASP-61,13021029,confirmed_planet_host,5,True,False,1,WASP-61 b,TOI-439.01,3.85589,2459175.599762,2175.5997620001435,3.9555399,0.000767,9747.6035597,3.857182626367557,1439.1177255228663,0.128,0.009367870388724152,9367.870388724152,61.64206266198567,81.09458399126837,3307.162666158149,True,1.0003352342436005,0.0003352342436005129,True,1.0,True,True,0.007046477277226113,0.0018274580647337224,0.0412677399555152,full_recovery,fundamental_1.0x,fundamental,7,6,0,1,True,False,6268,0.06676608641053705,2.0,5.0,0.44768626196309924
HATS-44,32499655,confirmed_planet_host,5,True,False,1,HATS-44 b,TOI-437.01,2.7439029,2459197.575826,2197.5758259999566,1.503168,0.001283,13852.3979585,2.742916236886984,1440.2616160807336,0.04,0.013846599199241395,13846.599199241395,50.33507430180579,18.104109794429423,164.2815117360243,True,0.9996404161703331,0.00035958382966693397,True,1.0,True,True,0.0029904807770364528,0.0010898639223117016,0.016124136100889253,full_recovery,fundamental_1.0x,fundamental,9,8,0,1,True,False,6305,0.06680739124352031,2.0,5.0,0.4331630960223265
WASP-35,43647325,confirmed_planet_host,5,True,False,1,WASP-35 b,TOI-423.01,3.1615697,2459176.768453,2176.7684530001134,3.1425792,0.000197,17482.2328085,3.161398112025323,1440.1220317943225,0.128,0.014377591552132151,14377.591552132151,100.22658602050917,316.1490886315818,50501.94389816422,True,0.9999457269676272,5.4273032372769714e-05,True,1.0,True,True,0.0006811057908726359,0.00021543279304347962,0.032740534510603214,full_recovery,fundamental_1.0x,fundamental,8,8,0,0,True,False,6352,0.06670065058935748,2.0,5.0,0.42009465396404266
nan,44647437,confirmed_planet_host,5,True,False,1,,TOI-435.01,3.352907,2458411.844766,1411.84476599982,2.3906731,0.001728,4205.1961016,3.3514886369196852,1438.6736713737107,0.084,0.003445453138491953,3445.453138491953,26.39254653082835,12.158183043474745,73.94402899638526,True,0.9995769751203016,0.00042302487969837635,True,1.0,True,True,0.005649373890619813,0.001684918159262936,0.025436696615673972,full_recovery,fundamental_1.0x,fundamental,8,8,0,0,True,False,6292,0.06665637218656206,2.0,5.0,0.42650169000262395
LP 714-47,70899085,confirmed_planet_host,5,True,False,1,LP 714-47 b,TOI-442.01,4.0520368,2459196.115341,2196.1153409997933,1.5605128,0.000509,5512.4033193,4.051791835741313,1438.3852666573068,0.04,0.005376561501695928,5376.561501695928,60.779326957263216,45.85243224746382,1051.8098846025557,True,0.9999395454012938,6.045459870615843e-05,True,1.0,True,True,0.0008072575135251725,0.00019922265106900623,0.01632690606637,full_recovery,fundamental_1.0x,fundamental,7,6,0,1,True,False,6247,0.0666561088953217,2.0,5.0,0.41628555295756087
HATS-43,78055054,confirmed_planet_host,5,True,False,1,HATS-43 b,TOI-434.01,4.3888516,2459198.519993,2198.519993000198,3.0184015,0.001546,24964.547823,4.39072110857116,1439.2403440689898,0.128,0.019465275115773395,19465.275115773395,66.40132273769659,82.51963393610778,3424.462969963038,True,1.0004259675973461,0.0004259675973460612,True,1.0,True,True,0.008322131208429803,0.0018961979048072175,0.031781919849658315,full_recovery,fundamental_1.0x,fundamental,6,6,0,0,True,False,6331,0.06680624288776427,2.0,5.0,0.41807265602983534
WASP-141,117979897,confirmed_planet_host,5,True,False,1,WASP-141 b,TOI-443.01,3.3106692,2459174.840517,2174.8405169998296,3.7033867,0.000975,9189.7342523,3.3106866736030076,1439.8707859765343,0.128,0.008483770425149573,8483.770425149574,93.26398339633779,72.7630913421514,2659.5040902827905,True,1.0000052779670672,5.27796706709142e-06,True,1.0,True,True,0.0011686232952580246,0.0003529870321257178,0.03868767626078488,full_recovery,fundamental_1.0x,fundamental,8,8,0,0,True,False,6327,0.06673539379022175,2.0,5.0,0.41412918403511867
WASP-78,139528693,confirmed_planet_host,5,True,False,1,WASP-78 b,TOI-449.01,2.1751729,2459175.58961,2175.589610000141,4.7918806,0.000863,7780.6435196,2.1747571425478207,1440.3788620698108,0.17200000000000001,0.007560451058683613,7560.451058683613,88.58829836155685,95.68701327374572,4589.6530390692815,True,0.9998088623427684,0.00019113765723151346,True,1.0,True,True,0.0023077303301084844,0.0010609411004102176,0.04998252060420415,full_recovery,fundamental_1.0x,fundamental,13,11,1,1,True,True,6235,0.06655798810636737,2.0,5.0,0.40710123302415013
HATS-5,139733308,confirmed_planet_host,5,True,False,1,HATS-5 b,TOI-452.01,4.7633952,2459174.695544,2174.6955439997837,3.0078272,0.000647,13160.629831,4.765342111906774,1441.1335462370039,0.128,0.010173920286817843,10173.920286817844,48.28147834542978,67.4455825576345,2291.648168764988,True,1.000408723573214,0.00040872357321397937,True,1.0,True,True,0.0008630372201459124,0.00018118110799328859,0.0313915985897147,full_recovery,fundamental_1.0x,fundamental,5,4,0,1,True,False,6304,0.06659959483860511,2.0,5.0,0.415031612967141
WASP-120,152476657,confirmed_planet_host,5,True,False,1,WASP-120 b,TOI-415.01,3.6112621,2459166.483051,2166.483051000163,3.5377447,0.000557,5684.0944144,3.613223544759344,1440.6122383494635,0.128,0.005143763464897038,5143.763464897039,57.25141186515869,88.63948036765497,3940.980056573929,True,1.0005431466077592,0.0005431466077591327,True,1.0,True,True,0.007130550699501465,0.0019745314801441483,0.036889372868995234,full_recovery,fundamental_1.0x,fundamental,7,6,0,1,True,False,6252,0.06676850604391782,2.0,5.0,0.4095579859567806
WASP-79,170634116,confirmed_planet_host,5,True,False,1,WASP-79 b,TOI-413.01,3.6623918,2459174.669346,2174.669346000068,3.7669692,0.000263,12253.6582523,3.66284507360027,1438.5274942187189,0.128,0.011210023624919968,11210.023624919968,80.16996174253181,339.5039707589635,58094.003118992136,True,1.0001237643663001,0.0001237643663001348,True,1.0,True,True,0.0010999813490376222,0.0003003450775085348,0.03924719407223791,full_recovery,fundamental_1.0x,fundamental,8,8,0,0,True,False,6352,0.06661344420163262,2.0,5.0,0.41664165299152955
WASP-140,178284730,confirmed_planet_host,5,True,False,1,WASP-140 b,TOI-418.01,2.2359865,2459146.100495,2146.100494999904,1.5254332,0.000177,19058.0137423,2.2353028909763166,1439.532193212999,0.04,0.015887331973166295,15887.331973166296,101.01214562639477,211.17808349128438,22546.78548604041,True,0.9996942696104456,0.0003057303895544421,True,1.0,True,True,0.0034322130947366247,0.001534988290285574,0.01589879900878315,full_recovery,fundamental_1.0x,fundamental,12,11,0,1,True,False,6254,0.0667829066828638,2.0,5.0,0.4086329340352677
TOI-540,200322593,confirmed_planet_host,5,True,False,1,TOI-540 b,TOI-540.01,1.2391534,2459175.141647,2175.1416469998658,0.4887749,0.000952,2318.6594409,0.724710374581134,1438.4702229415766,0.34800000000000003,0.002782252298431041,2782.252298431041,115.3612544971725,106.94481723456181,5717.585352701353,True,0.5848431474110743,0.16968629482214873,False,,True,False,0.005272241710800318,0.008509425404151444,0.005837734406038338,epoch_only_match,non_match,unrecovered,21,19,0,2,True,False,6214,0.06677369543660294,2.0,5.0,0.4089943300350569
GJ 238,260708537,confirmed_planet_host,5,True,False,1,GJ 238 b,TOI-486.01,1.7446984,2460985.903551,3985.9035510001704,1.0880845,0.001512,160.4642656,13.685029136357928,1451.6219802575388,0.17200000000000001,0.0005983035284231877,598.3035284231877,6.3701990218245355,8.410956188818322,33.83768289988615,True,7.843779266581506,2.921889633290753,False,,False,False,0.9794939426314937,0.2807058064108655,0.012208181380045926,no_match,non_match,unrecovered,15,14,0,1,True,False,6298,0.06662489778155933,2.0,5.0,0.42370763700455427
WASP-82,452808876,confirmed_planet_host,5,True,False,1,WASP-82 b,TOI-453.01,2.70582,2458438.96587,1438.9658699999563,4.968,0.0004,7500.0,2.7068699087967896,1438.9636681023262,0.17200000000000001,0.006078597352680284,6078.5973526802845,120.69687288334099,274.27020242557256,37800.1383639934,True,1.0003880187140273,0.0003880187140273396,True,1.0,True,True,0.0022018976301296377,0.0008137635282944311,0.05176391117371252,full_recovery,fundamental_1.0x,fundamental,10,10,0,0,True,False,6369,0.06675343682784196,2.0,5.0,0.4204337730188854
HATS-45,4616072,confirmed_planet_host,6,True,False,1,HATS-45 b,TOI-466.01,4.1876154,2459201.891355,2201.8913549999706,3.0070217,0.001258,10906.185708,4.18455280043696,1469.0658452370953,0.084,0.011092984144565474,11092.984144565475,40.73729767972422,28.864723426746558,418.9661435110405,True,0.9992686530947804,0.0007313469052196155,True,1.0,True,True,0.007185237124756938,0.0017158302371218085,0.03154968058676055,full_recovery,fundamental_1.0x,fundamental,6,4,1,1,True,True,4583,0.06683747282367714,2.0,5.0,0.26866714598145336
HATS-6,33521996,confirmed_planet_host,6,True,False,1,HATS-6 b,TOI-468.01,3.3252703,2459220.820401,2220.820400999859,2.0538144,0.000571,34741.7763037,3.3278504846703094,1469.3022910010939,0.084,0.027302815589047638,27302.815589047637,65.69243761550085,68.01614174945118,2337.8429613339918,True,1.0007759323115204,0.0007759323115204479,True,1.0,True,True,0.007022198765084595,0.002111767805788478,0.02146237000449857,full_recovery,fundamental_1.0x,fundamental,7,7,0,0,True,False,4583,0.06674894297503742,2.0,5.0,0.2695523669826798
TOI-470,37770169,confirmed_planet_host,6,True,False,1,TOI-470 b,TOI-470.01,12.1914558,2458474.494915,1474.494915000163,3.3188127,0.001606,2625.0570737,12.198553074230094,1474.4917963547673,0.128,0.0023811740747441607,2381.174074744161,24.397134065108958,20.85278825220199,217.87919417208064,True,1.000582151495812,0.00058215149581189,True,1.0,True,True,0.003118645395715946,0.00025580582392104034,0.034905082556053804,full_recovery,fundamental_1.0x,fundamental,2,2,0,0,True,False,4583,0.06678801561858405,2.0,5.0,0.2728793270071037
WASP-23,170102285,confirmed_planet_host,6,True,False,1,WASP-23 b,,2.9444,2454998.5594,-2001.4405999998562,2.046,0.0001,,2.9429014458051457,1470.668194852734,0.084,0.01780688608933225,17806.886089332253,68.78611801074825,140.50243835488027,9977.20298360656,True,0.9994910493836251,0.000508950616374891,True,1.0,False,False,0.6611948525902189,0.22456013197602873,0.0213146113323701,period_only_match,fundamental_1.0x,fundamental,7,7,0,0,True,False,4583,0.06682766253129846,2.0,5.0,0.2621699659503065
WASP-64,52640302,confirmed_planet_host,6,True,False,1,WASP-64 b,,1.5731,2455397.7378,-1602.2622000002302,1.84,0.0002,,1.5734190211791337,1469.5890338024012,0.084,0.01474166134241145,14741.66134241145,80.86765309163437,88.61509903787314,3939.386442029284,True,1.0002027977745431,0.00020279777454309218,True,1.0,False,False,0.4130661973686747,0.26258101669866807,0.019176055671360343,period_only_match,fundamental_1.0x,fundamental,14,13,0,1,True,False,4583,0.06683040612459612,2.0,5.0,0.2657972029992379
WASP-49,306362738,confirmed_planet_host,6,True,False,1,WASP-49 b,,2.7817,2455508.4637,-1491.5362999998033,1.903,0.0002,,2.7810312113812135,1470.822397965497,0.084,0.009743657640801349,9743.657640801348,70.00809619217671,128.04229120249403,8250.044286875258,True,0.9997595755765228,0.0002404244234771495,True,1.0,False,False,0.15180203469977627,0.05457167728359502,0.019831994987232402,period_only_match,fundamental_1.0x,fundamental,7,7,0,0,True,False,4583,0.06676704804201194,2.0,5.0,0.2631364459521137
WASP-101,47911178,confirmed_planet_host,6,True,False,1,WASP-101 b,,3.5854,2456164.3697,-835.6302999998443,2.741,0.0003,,3.5837833807007953,1470.3098257605793,0.084,0.010614812874838635,10614.812874838635,51.66339264863926,196.67139428247725,19490.886873682222,True,0.9995491104760404,0.0004508895239595713,True,1.0,False,False,0.5279257604236491,0.14724319752988485,0.028566264415803674,period_only_match,fundamental_1.0x,fundamental,6,6,0,0,True,False,4583,0.06681468424741155,2.0,5.0,0.26319347199751064
HATS-4,59843967,confirmed_planet_host,6,True,False,1,HATS-4 b,,2.5167,2456093.7803,-906.2196999997832,1.979,0.0003,,2.517959030309936,1468.5179751058374,0.084,0.015309898238187358,15309.898238187357,84.81780517113292,65.10454406451343,2131.8962122265707,True,1.0005002703182484,0.0005002703182485061,True,1.0,False,False,1.0271248943793123,0.4081236914925547,0.02063422026651224,period_only_match,fundamental_1.0x,fundamental,9,8,0,1,True,False,4583,0.06678804460301802,2.0,5.0,0.2645174849894829
HD 202772 A,290131778,confirmed_planet_host,1,True,False,1,HD 202772 A b,,3.3093,2458365.197,1365.1970000001602,5.672,0.0003,,3.302298719736782,1325.409349411749,0.216,0.0034064785229342715,3406.4785229342715,94.5007559798333,310.4408740128719,48332.102676051116,True,0.9978843621722969,0.0021156378277030733,True,1.0,False,False,0.07605058841122586,0.022980868585871894,0.059090187660708754,period_only_match,fundamental_1.0x,fundamental,9,8,0,1,True,False,7442,0.06663791976742317,2.0,5.0,0.5124367660027929
TOI-480,317548889,confirmed_planet_host,6,True,False,1,TOI-480 b,,6.8658,2458551.57,1551.5699999998324,3.57,0.0005,,4.815298800308792,1468.7544708959708,0.34800000000000003,0.000154714060406601,154.714060406601,14.429337707285095,27.60824588639106,380.38880492699343,True,0.7013456261919648,0.2986543738080352,False,,False,False,0.4259291038615347,0.062036340100430354,0.03721773980577004,no_match,non_match,unrecovered,4,4,0,0,True,False,4583,0.06674917700764427,2.0,5.0,0.2637897509848699
DS Tuc A,410214986,confirmed_planet_host,1,True,False,1,DS Tuc A b,,8.1381,2458354.65,1354.6499999999069,3.18,0.001,,2.8221396356011765,1327.3448048926587,0.34800000000000003,0.02142944835499102,21429.44835499102,483.3954148451377,2604.599181292742,3434884.166537024,True,0.3467811449356947,0.3064377101286107,False,,False,False,1.178154892751789,0.28954052979240585,0.03326057162767952,no_match,non_match,unrecovered,3,3,0,0,True,False,7515,0.06668524986041735,2.0,5.0,0.530516023049131
WASP-4,402026209,confirmed_planet_host,2,True,False,1,WASP-4 b,232.01,1.3382314,2458355.184421,1355.1844210000709,2.156068,0.000109,27137.09,1.3380705076866917,1355.1869457447117,0.084,0.022458051038321842,22458.051038321842,204.3993834853893,267.4805185107432,35751.86378909398,True,0.9998797724270195,0.00012022757298049634,True,1.0,True,True,0.0025247446408229735,0.001886627858846365,0.02246142207397095,full_recovery,fundamental_1.0x,fundamental,20,18,0,2,True,False,7261,0.06669282587774861,2.0,5.0,0.5031076789600775
