bls_sde,bls_snr,bls_period,bls_depth,bls_duration,bls_duty_cycle,bls_max_power,flux_std,flux_skewness,flux_kurtosis,flux_mad,flux_p1,flux_p5,flux_iqr,flux_min,flux_depth_robust,von_neumann_ratio,outlier_fraction_low,outlier_fraction_high,folded_transit_depth,odd_even_depth_ratio,secondary_eclipse_depth,tic_id,target_name,category,sector
13.345398866842093,10.997743085365244,11.188401377475047,0.0009638726874827599,0.26,0.023238351148488715,61.58316238315778,0.0020362622836243797,-0.002588054890071347,0.04346950470444666,0.0013672940955270496,0.9952570070499075,0.9966657038783637,0.002735758000111388,0.9923386014443526,0.004742992950092506,1.9434068005691958,0.0014772665098210867,0.0017508343820101767,0.0009708351713514363,0.3632541249920318,0.0,25065358,TIC 25065358,control_star,1
8.109870254425688,7.1072767782895765,2.8741792334335274,0.0002468591791408137,0.34800000000000003,0.12107804410801314,25.441391963175533,0.00157078164640145,0.04173991787435891,0.06586801341331716,0.0010449564057358751,0.9964291280182406,0.9974192016664493,0.002093443305784204,0.9931180528785554,0.003570871981759427,1.945732933409434,0.0013569288177757675,0.0019788545259229943,0.00024234571355341572,0.8982277121376232,7.410542517405361e-06,38610352,TIC 38610352,control_star,1
5.8594568088701635,6.292250942934481,1.5318155069554809,0.0002024015320436296,0.216,0.14100914830749106,20.01373709265355,0.0015875285989995882,0.043148806229238966,0.1062436067416126,0.0010611642411271216,0.9963221296580094,0.9974289289913228,0.0021221374765110212,0.9934697046427257,0.00367787034199063,1.9899979945026147,0.0012582745226762952,0.0020788883418130094,0.0002129395694756564,0.962973760933035,0.0,150358170,TIC 150358170,control_star,1
55.10488231916189,73.17580432846405,5.512063143774363,0.0027293327656251714,0.34800000000000003,0.06313425498273746,2678.467142740648,0.002503215884449589,-0.1316763069645103,0.3742115483436774,0.0016966136588235092,0.9937494918995553,0.9957384164587965,0.003390611854378167,0.9891089494016586,0.006250508100444696,0.8437849148178586,0.0032499724578605267,0.0014872755315632918,0.0025321420819782725,0.5539543018079331,0.0,165096948,TIC 165096948,control_star,1
7.035744621401771,5.36096026316319,0.9762411854690649,0.0010302916451303604,0.128,0.13111514030059948,14.413129167624792,0.008547044896073885,0.028142074413450378,0.00611152291303263,0.005815036165079057,0.9805271352693009,0.9858430868886053,0.011632973086618148,0.9672954008628892,0.01947286473069909,1.9860839597000435,0.0008303808680248007,0.0014393268379096545,0.0012333117642344682,0.7536413512684556,0.00010687857605051754,197712257,TIC 197712257,control_star,1
8.350768132762655,14.002920343248494,8.31796231002699,0.0001647322803999555,0.34800000000000003,0.04183716961310334,97.90112397764703,0.0003573020159168182,0.08523011419901252,0.22018389165758956,0.00023661838045019312,0.999172979486912,0.999427431467576,0.0004732525333559501,0.9983990326563648,0.0008270205130880282,1.8314199622219363,0.0014227864725839992,0.003173908284995075,0.00015210956279576582,0.8045489591362036,8.485581167949618e-06,238877488,TIC 238877488,control_star,1
71.3909439034187,15606.497086225034,2.281518795378724,0.5907205268251935,0.216,0.09467377627460867,209320786.29485938,0.17364809115751612,-2.9197078276049493,8.083013629496417,0.018342977623868606,0.18887790736866422,0.47203564328305114,0.062177224413851206,0.15341435934851236,0.8111220926313358,0.0013599253968388395,0.20696070920433401,0.0,0.5773727314829546,0.9610792812505222,0.11805329451387636,265591866,TIC 265591866,control_star,1
6.0591712898606795,5.6717543645369535,0.6991353306786801,5.2508454715322686e-05,0.34800000000000003,0.4977577083140424,16.05525498294719,0.0008888265220166851,0.01807878066304003,0.15762156965003893,0.0005917461539732827,0.9979219687136429,0.9985480981110048,0.0011855275277847799,0.9960675242843628,0.002078031286357085,1.9849838732155625,0.0018056467498358503,0.0025716787043116654,6.436083442107332e-05,0.5490304709141779,0.0,277891181,TIC 277891181,control_star,1
6.967622700054615,5.7731507760545755,0.5533962822453228,6.397676731573343e-05,0.34800000000000003,0.6288441233975082,16.640130867661,0.0011579915500915647,0.08422733622081104,0.02020031808127376,0.0007870016867407292,0.9973993927381568,0.9981267368256201,0.001572103755608456,0.9957857677349624,0.002600607261843191,1.9862007079839927,0.0007112375533428165,0.001969580916949338,8.04238219440645e-05,0.7438867438881049,0.0,306573321,TIC 306573321,control_star,1
5.061318171527199,5.5370832488717,0.5508053768614458,8.881738664066926e-05,0.34800000000000003,0.6318021112701281,15.282953133408459,0.0016745503907589026,0.030765591826812457,0.025786048463254385,0.0011257552883555122,0.9961295855069131,0.9972925094218263,0.0022551433474515825,0.9932312062810337,0.0038704144930868933,1.9736622063313018,0.0013131976362442547,0.0016414970453053185,6.811445138399375e-05,0.7331037451564143,0.0,370041901,TIC 370041901,control_star,1
4.867137404368345,5.614320474794382,0.953199695711615,0.00021850657320208474,0.34800000000000003,0.3650861425634418,15.543626590143564,0.0029731714936032058,0.020844955595726654,0.0005544944671376228,0.002013095518336061,0.9931306170832752,0.9950872561805416,0.00403100214525276,0.9872880022626347,0.006869382916724787,1.9607068978065283,0.0010382513661202186,0.001366120218579235,0.00022249667075857626,0.7737716507596007,0.0,12417837,TIC 12417837,control_star,2
7.227503970545487,166.5087762778531,0.8217891109473316,0.00015321554917830673,0.34800000000000003,0.42346630706609995,13860.631610704479,0.00030981223566271837,-0.0010956743795992026,0.09841183544706755,0.00020364785550230913,0.9992992401446984,0.9995008394714767,0.000407065340127466,0.9986835544822872,0.0007007598553016026,0.3098961445347667,0.0032804811372334607,0.0007107709130672498,0.0001420502270889079,0.8706293706289673,0.0,38759751,TIC 38759751,control_star,2
9.26464718832448,6.5612263777097715,11.61401887180883,0.0006322990873609223,0.304,0.026175263132894616,21.555185547504706,0.0019376731196277508,0.025629951730083266,0.058699177738905206,0.0013250029867870605,0.995533168408017,0.9968533916490101,0.0026550153528609455,0.9910331667456124,0.004466831591983023,1.9849831491814833,0.0011476664116296864,0.0012569679746420373,0.0006731187176344244,0.9580959615141945,0.0,38823112,TIC 38823112,control_star,2
6.43080907872539,5.7231418132484375,0.5709208314054766,8.206975059689593e-05,0.34800000000000003,0.6095416051702013,16.171667515944943,0.0014842709066644605,0.0429949187289252,0.02975252670782469,0.0010033155607522826,0.9965626905854312,0.9975855761525729,0.0020087128261655485,0.9930957125838618,0.0034373094145687677,1.976982939637935,0.0009289617486338798,0.0015300546448087432,6.753975122442135e-05,0.36543715847137975,0.0,38909490,TIC 38909490,control_star,2
7.650594430699073,7.620556988877456,0.7404696058016166,2.4532838152933348e-05,0.34800000000000003,0.4699720248790802,28.986802982963304,0.00031487990553737025,0.15709178411859884,0.251342779877195,0.0002072860286205791,0.9992930347433021,0.9994931446712602,0.00041479512533737495,0.9987751330824264,0.000706965256697889,1.9515606908638135,0.0006559527714004591,0.0040997048212528696,2.364521822306731e-05,0.6680161943319511,0.0,47338708,TIC 47338708,control_star,2
11.471359626536627,92.96037603977132,0.6864588739078887,0.0005871949091962671,0.34800000000000003,0.5069495249131207,4293.593076389107,0.00118717176610476,2.3296053459391572,18.114403995275524,0.0006708854436674461,0.9977134493763734,0.9983479167101105,0.001344583620870643,0.996222789834005,0.002286550623626593,0.5383607642919193,0.0010930753675465923,0.007268951194184839,0.00048514803950039376,0.6031352475405378,0.0,47389361,TIC 47389361,control_star,2
4.314475424196761,5.250166874837275,0.5171446555488226,4.8378953886896144e-05,0.34800000000000003,0.672925836641748,13.713898485699216,0.00100656194698926,0.05305219597734965,0.07808345790803761,0.0006736821149380123,0.9977131240633862,0.9983692008077172,0.0013484562217979112,0.9961294884636129,0.002286875936613808,2.0018213688847792,0.0010930156301235108,0.0021860312602470216,5.573772851774628e-05,0.6328779197887672,1.0458514181355127e-06,66473443,TIC 66473443,control_star,2
7.66545116020264,6.428163666249549,0.5464952751108441,5.029493886514442e-05,0.34800000000000003,0.6367850114155447,20.29013726609708,0.0008313930775060025,0.059826589804910214,0.17869822712718753,0.0005603839084477591,0.9980686829347487,0.9986541109730372,0.0011201854369442543,0.9969169253366952,0.0019313170652512923,1.9765248027441173,0.0011475409836065574,0.0024043715846994535,4.300651947464207e-05,0.9968749999993627,0.0,77044681,TIC 77044681,control_star,2
6.1561978241759805,5.360697032897035,0.6065123906749904,7.249970599489583e-05,0.34800000000000003,0.5737722845409791,14.250537445373034,0.0013619805812236634,0.049770324543163276,0.02748857680622452,0.0009334989739824273,0.9969178257150436,0.9977929050588645,0.0018672545165043797,0.994295557720994,0.003082174284956385,2.0138666201642446,0.001256899284113886,0.0016940816438056725,7.466144498380345e-05,0.862671660423832,0.0,89529092,TIC 89529092,control_star,2
305.7842881915319,424.41541211160643,0.8601913249140297,0.01950697021728395,0.34800000000000003,0.40456115973359796,89232.91623103646,0.013405393410559388,4.826730571124983,180.9480446340097,0.010099927404934483,0.9810008324268641,0.9845228754572081,0.021364309123176106,0.9728782870975904,0.01899916757313591,0.29095380814652133,0.0,0.0008198961464881115,0.020126587807078544,0.972110986696018,0.0,116157661,TIC 116157661,control_star,2
8.104989758781134,6.535034144352309,5.43141779527895,0.002772455808837823,0.34800000000000003,0.06407166841455017,21.304090086773982,0.014418300763349488,0.04475107608819584,0.10000737762298195,0.009706947446288472,0.9661881982852547,0.9767015510302012,0.019414620014597594,0.944849887559679,0.03381180171474529,1.9636362240918093,0.0011476664116296864,0.002459285167777899,0.002419239099878956,0.5916421761881294,0.0,175366823,TIC 175366823,control_star,2
6.199688360491641,7.202273338340753,5.374533970018404,0.00019399514436451286,0.34800000000000003,0.06474980006476885,25.69747414425256,0.0009244532943881561,0.07626823623915364,0.13942503473246326,0.0006132575967859322,0.9978666311487182,0.9985301385702703,0.001227947659531714,0.9961247201083139,0.0021333688512817917,1.957065799924899,0.0011246063877642825,0.002249212775528565,0.00021616722164363722,0.958947114223887,0.0,206365300,TIC 206365300,control_star,2
9.560500683604472,7.0981180419792285,0.5069520122574971,0.0004669639067092341,0.34800000000000003,0.6864555058186449,24.603164291207275,0.006946875785973524,0.011752929306689945,-0.0009763800986011262,0.004667162547872472,0.9838741856529768,0.9886287019528921,0.00933156794758494,0.9723375730568238,0.016125814347023204,1.985866008994057,0.001420920319160564,0.0013662695376543885,0.00039646168689211336,0.7909443009958027,0.0,220393258,TIC 220393258,control_star,2
6.130561625610672,46.349572822802116,2.248916036245942,0.0004762111755130221,0.34800000000000003,0.1547412150526115,1069.5736635646124,0.0008178223988464592,0.027513201953811753,-0.01984937641691431,0.0005501401787388893,0.9981391360083562,0.9986614184840267,0.001100100514333402,0.997123858513082,0.0018608639916437575,0.900928676327306,0.0009290125143450462,0.0014754904639597793,0.0005130025694191076,0.38265630969071757,0.0,220414222,TIC 220414222,control_star,2
52.30340186439978,136.65523179132128,7.623680372853241,0.0034785887201728132,0.34800000000000003,0.04564724424166244,9237.648597718371,0.002313311397544214,-0.14224059118510174,-0.4341245825507025,0.0016390103292719393,0.9947096953378337,0.9959500730832611,0.003282535983715529,0.9925544923321521,0.00529030466216629,0.2376346719138534,0.00010930156301235107,5.4650781506175536e-05,0.003460320323843913,0.5827457687281239,0.0002454439402703734,231831914,TIC 231831914,control_star,2
14.809132706241407,25.398107368919522,12.30542103985874,0.0014529099049722914,0.34800000000000003,0.028280218846050545,322.82576765199315,0.0014125041948269128,0.07644114731087208,0.008234131704541348,0.0009609420288703152,0.9967812839778313,0.9976937635852736,0.001922576937008258,0.9952160762336746,0.0032187160221687217,1.4980496040526046,0.0005120036409147798,0.0018204573899192173,0.0015082758926232565,0.9949830069590712,0.00014786858721382856,308663672,TIC 308663672,control_star,2
101.28362620626996,33.3955429674414,0.6291923651831887,0.0014732365919985764,0.04,0.06357356225763172,550.3718134203915,0.0015989683883499885,-0.035034814924389784,-0.005716037464530643,0.0010742040571244393,0.9962472728189908,0.9973261234832171,0.0021480415083867666,0.9937542092463082,0.0037527271810091634,1.5142561893691064,0.001442548921224285,0.0011289513296537882,0.0015256669562689895,0.9778117339955757,0.0014002388706036983,350094542,TIC 350094542,control_star,2
9.912233092039004,7.515155727910114,10.625760712006063,0.00035013695688424396,0.34800000000000003,0.032750596350884724,27.813235979409512,0.001231658433373468,0.03652180177506473,0.09110320818056028,0.0008232353971420192,0.9971284123701231,0.9979756668928026,0.0016458107727765903,0.9953243133536965,0.002871587629876937,1.9688188545263035,0.001256899284113886,0.0021859117984589322,0.0003433526169616119,0.9866339334424139,8.22198220488124e-05,389752086,TIC 389752086,control_star,2
97.96004126767106,366.72057770549515,4.164086970699411,0.01610671567787459,0.34800000000000003,0.08357174152430083,67653.50334903273,0.014741554433813048,0.5914858419297861,-0.8638233827281336,0.008569541707640072,0.9826698762196154,0.9865509826002185,0.02394011433546528,0.9783988724045464,0.017330123780384565,0.026830672485477793,0.0,0.005372576500817566,0.011039990558614154,0.7701731915130641,0.0,9458628,TIC 9458628,control_star,5
6.177169759205322,6.023293188825964,0.5600355795678206,5.039171074982995e-05,0.34800000000000003,0.6213890915083495,18.114271491449266,0.0008672210218463028,0.10991809435544822,0.25203320863112744,0.0005784758037601367,0.998049114498809,0.9986153494523654,0.0011558040278134563,0.9966609255804123,0.0019508855011910464,1.9923222257291178,0.0013355786539689914,0.003019569130712502,4.795926857092958e-05,0.27547666009089555,0.0,37906724,TIC 37906724,control_star,5
10.062850973775593,8.67606521090689,5.094003551370147,0.0001314696326136189,0.304,0.05967801100535793,37.28899698127275,0.0005507784270252664,0.12372778652844656,0.22581797757782907,0.0003652995010081095,0.9987543147694684,0.9991064432670012,0.0007304397780862892,0.9978495216037416,0.0012456852305315902,1.942090915266922,0.0009236808682600162,0.0032906130931763078,0.00014596853766990492,0.7215686274509653,0.0,43846130,TIC 43846130,control_star,5
14.175182166707144,43.589037425937974,0.8895528580428562,0.0002878135409978642,0.34800000000000003,0.39120778136293094,950.6646059516382,0.0006390923704902353,0.10318457057974344,0.3108866193264195,0.0004225920636160563,0.9985462144270175,0.9989709055121371,0.0008453481132870699,0.9972631547358476,0.00145378557298248,1.556625375739711,0.001508033176729888,0.0036540803897685747,0.00027775138057817284,0.967072816941963,0.0,44669966,TIC 44669966,control_star,5
9.682693339052813,10.968923415000035,12.953495758423976,0.0005480146150575441,0.04,0.003087969513865554,60.81385787690806,0.0002818170573597516,0.18006160288281994,0.5277889710999051,0.00018628312623814036,0.9993739002568439,0.9995522018737384,0.0003717677821536425,0.998688512495302,0.0006260997431560833,1.9457866510550712,0.0012702078521939955,0.004445727482678984,0.0005282679653627609,1.0,9.964909624726737e-05,56000767,TIC 56000767,control_star,5
7.583012920893831,6.015794360592484,0.7273397209751004,0.00035275676638755793,0.26,0.3574670714414356,18.087278018032094,0.00441266438700376,-0.039510452232883686,0.03823220948980843,0.0030007829087441706,0.9897104894194098,0.9925997912294008,0.006003997447092901,0.9770390335062602,0.010289510580590244,1.9824333587565428,0.0014088641033167008,0.001174053419430584,0.00036280673582667067,0.7948742378047629,0.0,140578791,TIC 140578791,control_star,5
9.19589917796693,6.3788608707735355,10.94621314324187,0.0006425726112405505,0.34800000000000003,0.03179181653473039,20.330053740128577,0.002206879591307327,0.06543443539133056,0.1445207146238876,0.0014886705775980502,0.9949819940411025,0.9964656133957402,0.0029762873534660006,0.989625439054782,0.0050180059588974535,1.9942417663859517,0.0014106030327965206,0.0022334548019278242,0.00061337115154525,0.38953171381831975,0.00018980140052582417,150106948,TIC 150106948,control_star,5
41.27604712911762,35.795543999884565,0.5999101378477516,0.0012321426693841593,0.04,0.06667665284588242,573.0336485908363,0.0027134049489539952,0.05078975600365677,-0.19636906385572805,0.0018662770998250089,0.994043846390422,0.995593511093247,0.0037307464770433008,0.9887544720502899,0.005956153609578019,0.4223624568542847,0.0003530034712008001,0.0007060069424016002,0.0010553170191345274,0.8743708198303538,0.0,177115492,TIC 177115492,control_star,5
6.875631500641163,28.017711921993335,0.9407170119466374,0.00015979249003334037,0.34800000000000003,0.3699305907946528,392.39828293509373,0.000582306100684492,0.15879994196031924,0.3293732095012669,0.0003905583083763653,0.9986829773122924,0.9990844847512319,0.0007804326000999673,0.9979032001521496,0.001317022687707614,1.4332953817150746,0.001157943492357573,0.0038791106993978693,0.00016142793005990974,0.8589877835950664,0.0,200376190,TIC 200376190,control_star,5
9.444361271000389,8.809821075004434,7.300680734016215,0.00021032457503027807,0.34800000000000003,0.04766678788986845,38.81010933715206,0.0007816852654680247,0.16710502152207893,0.44795092783247137,0.000519514674457211,0.9982351579466479,0.9987506531436553,0.0010385150203860993,0.9969471601586035,0.0017648420533521447,1.918909187076886,0.0010999189533402803,0.0039365520435336344,0.0001982736477219582,0.496071653048408,0.0,219145683,TIC 219145683,control_star,5
6.610658358214112,6.4345926319449305,4.59422787322739,9.756028170554442e-05,0.304,0.0661699872946101,20.706496037374873,0.000570104584769167,0.17613935949107387,0.42415790515302243,0.00037502652066911946,0.9987180535756418,0.9990915179229021,0.0007502278788771299,0.9975446690242343,0.0012819464243581935,1.983014882087432,0.0011099427503212993,0.003914008645869845,7.0459528125566e-05,0.5161290322579921,0.0,260076575,TIC 260076575,control_star,5
40.72603027926003,59.731559290580726,8.047727860397835,0.0027256809741068797,0.34800000000000003,0.04324201887000648,1787.44341999761,0.002342381095010413,0.013519112449646722,-0.4183436398897573,0.0017308718846281712,0.9949811372961701,0.9961954702014313,0.0034596057543883063,0.9924293705435245,0.005018862703829896,0.7417577376406888,0.0,0.0002349900129244507,0.00281904026190527,0.9130627797714199,0.0,271889486,TIC 271889486,control_star,5
23.727747626147025,12.093812734946589,9.907427144787968,0.0012621500160693603,0.34800000000000003,0.035125163669063514,72.58128993284483,0.0023179685317910328,0.01296395827335653,0.061499912890496056,0.001552242837011275,0.9946344910696531,0.9961808885409239,0.0031097942204603157,0.9915140201097282,0.0053655089303469294,1.8499109119690613,0.0018933790899946748,0.001597538607183007,0.0012213832067892172,0.5084253752478112,0.0,300378592,TIC 300378592,control_star,5
27.110868692486264,15.125322691353658,0.791315511151978,4.98864147690851e-05,0.34800000000000003,0.4397740156684027,114.3474778640127,0.000311068137488398,0.17019396904591572,0.4269311423575064,0.0002036931265585462,0.9992874721610799,0.9995046286297857,0.00040790193191853064,0.9987977464423835,0.0007125278389200629,1.9449773486638728,0.001215348110423057,0.004861392441692228,4.1563711393965974e-05,0.7719298245594984,0.0,311127875,TIC 311127875,control_star,5
5.800506078556095,5.09705950138642,0.5750031733101534,0.0014314643578236203,0.34800000000000003,0.6052140512488804,12.946484960567696,0.026179860695469515,0.02383060921501258,0.06458880489481444,0.01759526820689028,0.9407479476495735,0.9569142850811789,0.035264655337259976,0.8881060722325584,0.05925205235042652,1.9836269395071535,0.0014644719114287389,0.0020502606760002345,0.0013847671814334328,0.9494762784966074,0.0,354572272,TIC 354572272,control_star,5
49.918448038324115,23.493578112440765,5.853904518318829,0.0011493897331688427,0.34800000000000003,0.0594475019042404,276.31513433752747,0.0017290789797925886,-0.025031107228255037,0.013937853335341366,0.0011745767588711153,0.9959346890528886,0.9971302501730293,0.002350957687552002,0.9934438335497818,0.004065310947111378,1.5215035638753547,0.0015724186127773572,0.000931803622386582,0.0012097891765363578,0.6034307249138757,0.0,382032265,TIC 382032265,control_star,5
218.58701136962435,2455.8949596374023,0.7364157285854912,0.15605274412203213,0.084,0.11406600475705125,3322577.8681999873,0.11819781599343346,-0.19274468236169112,-1.513199012612371,0.10871846458665879,0.7994953981547585,0.8099108689513252,0.24834416365990197,0.7872740962990314,0.20050460184524155,0.0026426424580419444,0.0,0.0,0.20336742314665313,0.9760498684020052,0.0,401946845,TIC 401946845,control_star,5
6.486538552331412,5.133969682785637,0.5635799529314226,6.563020046998987e-05,0.34800000000000003,0.6174811545192511,13.194811153778762,0.0012991496924246936,0.0766711140674173,0.14338274688615238,0.0008756037842740927,0.9970431637977537,0.9978941878038682,0.0017494460629469133,0.9951185969779519,0.0029568362022462935,1.9998651151813653,0.0012414282336249704,0.0024237408370773234,3.288143789093034e-05,0.7208737864063768,0.0,407963329,TIC 407963329,control_star,5
115.71857587768204,222.94952046620926,2.4406497955466757,0.0019755380354175432,0.34800000000000003,0.14258497906376294,24893.63027488821,0.0016309865538822496,-0.13783524178502993,-0.4024482100746427,0.0011546502949264514,0.9962825894320223,0.9971127817243496,0.002308877348185856,0.9948992325076688,0.003717410567977697,0.144212258030381,0.0,0.0,0.0020135016913442882,0.6056499685290242,0.0,4205592,TIC 4205592,control_star,6
7.866591006321138,49.665594782569194,0.581450956765045,0.0007296709767397821,0.084,0.14446618244011775,1232.4740423670823,0.0016496161176664372,0.02904386680454952,-0.13259425806932512,0.00114113891579809,0.9962353559040763,0.9973226498640377,0.002286874734698019,0.9944488782095877,0.003764644095923697,0.3906646115522583,0.0003405530581664623,0.0013622122326658493,0.0007082613113412739,0.533042144571971,0.0005287514765053292,4290207,TIC 4290207,control_star,6
74.89434952821452,34.915363832397006,1.4157302311201005,0.01015923070167948,0.34800000000000003,0.24580954220682893,610.4804250291077,0.017287433113670723,-0.0009861472317968076,0.06904586372246602,0.011604132899871,0.9599514364964831,0.9713285528638949,0.023207949746327006,0.9339858810932886,0.04004856350351693,1.6970757023508058,0.0013003011223651792,0.0015056118258965235,0.010174560093679896,0.9759823714792237,0.0,4293841,TIC 4293841,control_star,6
25.66739656479491,19.42398903879426,10.624477277055227,0.001044756436377328,0.34800000000000003,0.032754552617054,189.06214000503692,0.0012701278974764014,0.050582224825354155,0.05717972475888233,0.0008573523515922332,0.9971136015659172,0.9979423226317624,0.0017175202451346072,0.9950310046686445,0.002886398434082782,1.6753034746856077,0.001573295027019632,0.0013680826321909843,0.0009837741507074949,0.9522548485083904,1.2689766537565816e-06,4294111,TIC 4294111,control_star,6
108.19179762053018,129.444657629196,3.287304241147439,0.006512358512933384,0.128,0.038937679816128425,8401.189437189312,0.001853851693244012,-1.604564328441422,4.952652046103134,0.0009554040111712792,0.992473743617686,0.9970423191582807,0.001908361910321843,0.9894049682586717,0.007526256382313967,0.9970784067668961,0.03818798555640661,0.000875369296421928,0.006531802954472088,0.9715151323387561,0.0,25155310,WASP-126,confirmed_planet_host,1
88.85649230212358,91.1046904249497,3.372829454141772,0.015312234853151635,0.084,0.024904905848960008,3970.029781193226,0.0044480180266948475,-1.1335401380800127,3.6880811724280216,0.002529713002148881,0.9830181729393364,0.9928287947454559,0.005058451496870564,0.9736194342767829,0.016981827060663646,1.2882282274841206,0.023974366310007437,0.0012015792184013276,0.015280763710642686,0.9620090790288256,0.00022267494709238278,97409519,WASP-124,confirmed_planet_host,1
117.12152630488023,374.43250350897006,2.1855894148989865,0.011038274161456986,0.084,0.03843356827562341,70702.16450289176,0.002436162367556033,-3.5045563709653216,12.969380778402318,0.0006282636314748347,0.988169127552162,0.9972094835666783,0.0012615180702295614,0.9858741269844817,0.011830872447837981,0.2061788057433004,0.05001094331363537,0.002024513022543226,0.011155128703863038,0.9498052324405912,0.00023963582753716572,144065872,WASP-95,confirmed_planet_host,1
67.82354488060751,340.4682076048372,4.410044435317912,0.01301378399125738,0.128,0.029024650857236257,58444.20846776208,0.002407595385310789,-4.19293584088776,20.411453730922787,0.0006572054349318068,0.9865047698232708,0.9980560676653539,0.001312793275614399,0.9838846941845638,0.013495230176729156,0.2649722900949489,0.0328263486158223,0.005033373454426086,0.013106118342270934,0.9862840010367606,0.00014299533162309697,149603524,WASP-62,confirmed_planet_host,1
157.57310675741164,95.26550272973546,1.4304531035898156,0.018382577248685587,0.04,0.027963167684153634,4563.1116570804725,0.0051444217528741855,-1.2512406238342024,3.914383876719162,0.002834691633311126,0.9800935266433497,0.9916645514521486,0.0056727175372949246,0.9699820174008216,0.0199064733566503,1.1632247391087074,0.0293827971109652,0.0014773473407747866,0.018525769419810212,0.9782305294080117,0.0,231663901,WASP-46,confirmed_planet_host,1
78.01803806300555,109.56287588635966,4.086907125227214,0.003245847558110652,0.216,0.052851702615579095,6022.443225378254,0.0011967077574200722,-0.9147925191188155,2.2471276295031046,0.0006693931120096419,0.9959021869828735,0.9977509039236262,0.0013394340238050972,0.994024802742266,0.004097813017126528,1.1818666553782202,0.03266400393937736,0.0021338294030749027,0.003255193923724309,0.9380942354103502,0.0,231670397,WASP-73,confirmed_planet_host,1
123.98177854200166,187.4335214374051,2.797759437875393,0.014615865895455639,0.084,0.030024025247785156,17743.01238228828,0.0031284982457842067,-3.0439012847252864,13.20652073575382,0.0012438246484162696,0.983966225807601,0.9963517161769349,0.0024907368048250333,0.980149164606634,0.016033774192399042,0.6438636786320286,0.03200919238345371,0.0015867804771284744,0.01517868789501653,0.9743201056612846,0.00017915217183928078,238176110,WASP-91,confirmed_planet_host,1
99.03544913088041,101.4712631534655,3.5482572387168503,0.009508530717555063,0.128,0.036074047451612724,5172.6643453808565,0.002957440428160084,-1.1837893866903462,3.282292440582941,0.0016185418894055226,0.9889525128900359,0.9949771753075437,0.0032524445659732892,0.9832048806221304,0.01104748710996406,1.1997947191673883,0.032009679903200965,0.001044989550104499,0.009671307301200693,0.975605270659208,0.00027050555793994846,336732616,HATS-3,confirmed_planet_host,1
20.518218355632303,12.240705337925311,10.210987528589124,0.0009150888378231554,0.084,0.008226432533074153,74.46848867286238,0.0009533177571760078,-0.019366216846099314,0.053921284727261654,0.0006402341731929218,0.9977549242607266,0.9984287382234436,0.0012798031366092477,0.9961305352029921,0.00224507573927335,1.9611357535540412,0.0015849592829425589,0.0012570366726785812,0.000948558904658392,0.7998088563237675,3.0811307381028996e-05,12421862,TOI-198,confirmed_planet_host,2
16.36309396049844,9.865125351816781,4.3752791711801855,0.0008126013266588192,0.084,0.019198774915508282,48.41842273947936,0.0014976361574303577,0.02265811673346029,0.02107389632158796,0.001007941407022428,0.9965870377363882,0.9975578517104249,0.0020146493977276636,0.9932013451862612,0.003412962263611763,2.014541469413093,0.0013255274494642659,0.0014359880702529547,0.0007679858689574326,0.795474950619611,0.0,52204645,TOI-209,confirmed_planet_host,2
65.78163706167742,89.45489695109009,4.532599322585744,0.006811944051268673,0.084,0.01853241242424224,3946.6466543796173,0.0017392838378682554,-1.0810135690130174,4.4236656198170285,0.001016320087157685,0.9934461771909363,0.9973274228864237,0.002031292520545125,0.9868643477722219,0.006553822809063692,1.128364397390633,0.015683060109289618,0.0015300546448087432,0.006894029255435585,0.9739283807618786,0.00027217877549345904,76923707,TOI-181,confirmed_planet_host,2
72.52220482142464,166.60125649388186,3.9217724974492087,0.01053165434678906,0.084,0.021418886499570057,13794.688179445044,0.0019302083779599141,-3.1867008220643354,15.994527431626363,0.0008329277995349771,0.9894238701055932,0.9977275276342317,0.0016703937153847992,0.9857513189504012,0.010576129894406816,0.7396194523686974,0.02360913761066783,0.001420920319160564,0.010688866745456105,0.9729233135824992,9.149614936010408e-05,183537452,WASP-29,confirmed_planet_host,2
168.38353943034116,49.12628724325826,0.7918239815023025,0.0010308998691258506,0.04,0.050516277524342304,1197.7798386423,0.0006815363575223363,-0.2563073656467243,0.6767625904656498,0.0004376852520411312,0.9981703414734855,0.9988575278779537,0.0008759656261805304,0.9967009677009925,0.0018296585265145104,1.7061249749575182,0.006721678780261217,0.0020766162085359857,0.0010759807531022236,0.905669411990059,3.300222543201059e-05,183985250,LTT 9779,confirmed_planet_host,2
53.946766068569765,92.2314565125841,0.9808784309988093,0.0032879772713701157,0.04,0.04077977324801482,4205.615316166135,0.0022649182243503715,-0.37413356184813656,0.6389773190385775,0.0015342286239418135,0.994019042648002,0.9963401178851744,0.0030811175492322374,0.9882775604487744,0.005980957351997995,0.351077850512709,0.006994917755068583,0.0,0.003029532374001054,0.994513306598593,0.0,201248411,HIP 65 A,confirmed_planet_host,2
75.23404215584902,163.22101005209845,4.897058343485874,0.008143230061449316,0.128,0.02613814070037927,13226.98256152938,0.0018312707457338862,-2.8368224682754826,13.265535824051366,0.0007901187716206071,0.9904874398308693,0.9978004105596125,0.0015788401056433532,0.9867180732341903,0.009512560169130713,0.7168746281305101,0.027050658505929286,0.002021968413574512,0.008610670561564282,0.9950711555450694,0.0,211438925,WASP-20,confirmed_planet_host,2
132.12181865968924,345.00336576506623,2.072849035659937,0.01261939101365745,0.084,0.0405239351997753,59667.001197165206,0.00269468716350286,-3.7173495386309376,14.571738079753953,0.0006822918247994525,0.9865291757400411,0.9975032171281546,0.0013676894619554236,0.9836054324895954,0.013470824259958936,0.24767967560233178,0.046398513498743035,0.001311618756148213,0.012794960015423351,0.9994601607722888,6.995334373205431e-05,230982885,WASP-97,confirmed_planet_host,2
69.43009686699091,48.034095500219394,3.7951335304201996,0.03869744741901636,0.084,0.022133608561251194,1156.2805543726802,0.01542338089783779,-0.4160635073812301,1.233206799665,0.009721434889040703,0.9557149284260751,0.974383696266393,0.019444937862383882,0.9206855052062449,0.04428507157392492,1.7058996292538595,0.010767380848272846,0.0014210756449497158,0.04290123993792705,0.974054677414848,0.0,234523599,HATS-71,confirmed_planet_host,2
85.75781781403896,99.13329750187579,3.1731978286465163,0.013882968840594626,0.084,0.0264717186056531,4923.347576171857,0.004091988598811594,-0.9733286348656428,2.9654090909126456,0.002390262401703591,0.9849767301023266,0.9934768586520082,0.00477370979949443,0.9754025128389329,0.015023269897673441,1.364911382964176,0.023061369473741735,0.0008197169244220996,0.013882096156230928,0.9140092469070369,5.508794829345298e-05,281459670,HATS-30,confirmed_planet_host,2
31.876296929776156,26.54291950558986,4.744613507227694,0.011551876485144006,0.084,0.017704287161017192,353.6524635350093,0.006732399977131901,-0.06711595107492863,0.1955299846653369,0.004435649657934637,0.9840378910969436,0.98879522957103,0.008888435699730302,0.9663381869000974,0.015962108903056382,1.8649323464930454,0.0028416853379966116,0.0014208426689983058,0.011306944598557078,0.9703606499212095,0.0006616953328389963,281541555,HATS-46,confirmed_planet_host,2
64.59524024111855,24.165184511809098,2.105701635714008,0.010009767529784486,0.04,0.018996043561716032,288.4418769889749,0.007255532799530445,-0.06018399608951097,0.07215179306032571,0.004880326467702645,0.9827199028979606,0.988100950615822,0.009760584761091096,0.970127992503007,0.01728009710203937,1.9205722064515198,0.002677741953112192,0.0009836603093065195,0.009505987784117154,0.8929277322390571,0.0,355703913,HATS-34,confirmed_planet_host,2
95.57700041120961,139.0730570609779,2.4991039155234067,0.01411891805142877,0.084,0.03361204769366592,9527.377268311908,0.003616898144866751,-1.9367179051771317,6.367949955076485,0.0017178364691849968,0.9844241408196022,0.9945348909235068,0.0034401671643643494,0.978324282895764,0.015575859180397833,0.8603745299036349,0.03912782119241488,0.0011476036941909394,0.014112879194619121,0.9884556076696444,0.0,388104525,WASP-119,confirmed_planet_host,2
24.59684510268553,59.74481542941688,14.297945761224462,0.000692843968299303,0.34800000000000003,0.024339160730610973,1787.0803614108797,0.00035413256931244084,-0.10949598193224959,0.6105509417622206,0.00022848081390902664,0.9990861409861022,0.9994140899883055,0.00045666577770742123,0.9983161902282399,0.0009138590138978442,1.4954521031332657,0.005465974309920744,0.0033342443290516536,0.0007291859937794687,0.9263368094075958,4.048920083699059e-05,441462736,HD 221416,confirmed_planet_host,2
61.902880522658016,25.257269075736847,0.8819301613304892,0.0070987913191299,0.04,0.045355065235160544,318.3671754058753,0.008297732705361553,-0.00020437754221720356,0.05222461262957134,0.005527330715660916,0.9807243214101583,0.9864303177758915,0.01106162289291468,0.96600081478761,0.019275678589841694,1.5931286191466782,0.0020489404051047887,0.0016976934785153963,0.00700424230422636,0.843444497731219,0.00014149737723889722,1528696,NGTS-6,confirmed_planet_host,5
61.64206266198567,81.09458399126837,3.857182626367557,0.009367870388724152,0.128,0.03318484303154245,3307.162666158149,0.0031157098604488284,-0.8457363778318276,2.149461217302604,0.0018341968904328487,0.9893789162406609,0.9946967632737075,0.0036736661449712216,0.9819464733486022,0.010621083759339123,1.357671273922532,0.02317667077392478,0.0008214516223669541,0.009580764306797995,0.9986557086554074,0.00017025342423582224,13021029,WASP-61,confirmed_planet_host,5
50.33507430180579,18.104109794429423,2.742916236886984,0.013846599199241395,0.04,0.014583019146584357,164.2815117360243,0.011032683793641236,-0.04110866092975901,0.07693283232467651,0.007452870566562186,0.9737608547417482,0.9817259019037297,0.01490757195538328,0.950477580157467,0.026239145258251773,1.9606460681779325,0.0018108534377008004,0.0013435364215199485,0.01324818585856602,0.9332825491264938,0.0,32499655,HATS-44,confirmed_planet_host,5
100.22658602050917,316.1490886315818,3.161398112025323,0.014377591552132151,0.128,0.04048841539859018,50501.94389816422,0.0032890328020488114,-3.9321452961587586,16.73959609190338,0.0008670379566874109,0.9827121865314865,0.9972054033369664,0.0017354154508504305,0.9793088790348543,0.01728781346851349,0.27354499688349604,0.040715571818551434,0.001335888946971017,0.01613508610323633,0.9909580990466496,0.0,43647325,WASP-35,confirmed_planet_host,5
26.39254653082835,12.158183043474745,3.3514886369196852,0.003445453138491953,0.084,0.02506348942218209,73.94402899638526,0.005875675944521591,-0.010538801838565382,0.03424359542840971,0.003916312402009403,0.9862503539701424,0.990190896484331,0.007825804942461323,0.9779440707295297,0.01374964602985762,1.947357675708752,0.001635322976287817,0.001635322976287817,0.003343002258782257,0.8410320240949171,0.00041421685458908897,44647437,nan,confirmed_planet_host,5
60.779326957263216,45.85243224746382,4.051791835741313,0.005376561501695928,0.04,0.00987217547731734,1051.8098846025557,0.0015927129936332805,-0.352138402648108,1.3106452462258833,0.0010217325411676637,0.9956742651982394,0.9974475422083847,0.0020451974849108323,0.9905933106675191,0.004325734801760572,1.6797057295197493,0.008816787162757892,0.001939693175806736,0.005469676153645353,0.9744841743890552,0.0,70899085,LP 714-47,confirmed_planet_host,5
66.40132273769659,82.51963393610778,4.39072110857116,0.019465275115773395,0.128,0.029152386779959728,3424.462969963038,0.006483584455670502,-1.0452718588458403,3.54959806709786,0.0036915910929083418,0.9757749543312818,0.9897589484350859,0.007390498011070834,0.9607846096804438,0.024225045668718193,1.2651947565187327,0.023136844552958957,0.0020346471340541798,0.02111896497039123,0.9481693363844442,0.00012726968986331855,78055054,HATS-43,confirmed_planet_host,5
93.26398339633779,72.7630913421514,3.3106866736030076,0.008483770425149573,0.128,0.03866267412756946,2659.5040902827905,0.0035605729986930607,-0.5030674385096076,1.025399244321033,0.0021977731225162334,0.989407919133098,0.9936082399475838,0.004427281309304587,0.9818765264136722,0.010592080866901998,1.50897254333097,0.014777751919944147,0.0012217826390505003,0.008467834126549945,0.9257007884956039,5.65525409459422e-05,117979897,WASP-141,confirmed_planet_host,5
88.58829836155685,95.68701327374572,2.1747571425478207,0.007560451058683613,0.17200000000000001,0.0790892907694947,4589.6530390692815,0.0033846047291066187,-0.6711283906115997,1.0538192377931184,0.0020103152092376675,0.989715180746117,0.993333024008071,0.00404073112423442,0.9825681623902177,0.010284819253883026,1.257278409099699,0.021374315491962552,0.0007654713537066478,0.007667420327611252,0.9916123167341419,0.00017279267952674537,139528693,WASP-78,confirmed_planet_host,5
48.28147834542978,67.4455825576345,4.765342111906774,0.010173920286817843,0.128,0.026860610842645856,2291.648168764988,0.0030835134687684797,-0.9438343989729228,3.633144770850155,0.0018659029737945754,0.9888223908356855,0.9952001103833387,0.0037328673258449907,0.9755960003105052,0.01117760916431454,1.4853447500067112,0.015692451289231128,0.0013417337533543343,0.011258559443321658,0.9180451154745641,0.00013202713049320636,139733308,HATS-5,confirmed_planet_host,5
57.25141186515869,88.63948036765497,3.613223544759344,0.005143763464897038,0.128,0.0354254306201598,3940.980056573929,0.001715291111885825,-0.8263458614297738,2.2640704515242938,0.0010107624269721227,0.9940277913770031,0.9971022381993693,0.002027037397092757,0.9904789880311274,0.005972208622996855,1.3317299907535258,0.022359154929577466,0.0015845070422535212,0.005194806960938436,0.9365211124996508,0.0001526513049817657,152476657,WASP-120,confirmed_planet_host,5
80.16996174253181,339.5039707589635,3.66284507360027,0.011210023624919968,0.128,0.03494551296273821,58094.003118992136,0.002337534688771139,-3.773516530808302,15.584897473303094,0.0006381742004716306,0.9880124225250002,0.9979922846335161,0.0012744376997442242,0.9853324235698165,0.011987577474999789,0.2530678509755626,0.041589327146171695,0.0022041763341067284,0.011389892156877135,0.9779065004973402,0.0002062208564678203,170634116,WASP-79,confirmed_planet_host,5
101.01214562639477,211.17808349128438,2.2353028909763166,0.015887331973166295,0.04,0.017894666607141164,22546.78548604041,0.0033334190907425214,-1.92412764196309,9.537241210278738,0.0017184189918806325,0.984414632980258,0.9954008490293863,0.0034367555537238026,0.9744830400197833,0.015585367019742002,0.2907728156229002,0.018283035452680927,0.002226779958980369,0.01634241437579853,0.9860695521641221,7.22087128550708e-05,178284730,WASP-140,confirmed_planet_host,5
115.3612544971725,106.94481723456181,0.724710374581134,0.002782252298431041,0.34800000000000003,0.48019182863379883,5717.585352701353,0.0034382353668156894,3.75780664525674,88.74333271509161,0.0020583055664684657,0.9930403729655392,0.9949875164013052,0.004112474552103285,0.987834521805233,0.006959627034460847,1.0265898564894267,0.0008828722778104767,0.004532077692760447,0.002899473731824198,0.9552292990229995,0.0,200322593,TOI-540,confirmed_planet_host,5
6.3701990218245355,8.410956188818322,13.685029136357928,0.0005983035284231877,0.17200000000000001,0.012568478903931316,33.83768289988615,0.0007874661224855429,0.17332442610457463,0.34881568734478074,0.0005176017003638567,0.9982471641625371,0.998759324409128,0.0010375410540945929,0.9967526224323329,0.001752835837462885,1.9672165145515104,0.001168429047146112,0.0037389729508675584,0.000619779774954754,1.0,1.719306347358618e-05,260708537,GJ 238,confirmed_planet_host,5
120.69687288334099,274.27020242557256,2.7068699087967896,0.006078597352680284,0.17200000000000001,0.06354202669327927,37800.1383639934,0.0018329145197101427,-2.1223905736574333,4.851722235126477,0.0006502617674820632,0.9930435844149185,0.9944732839501259,0.001305995959208106,0.9912585485102664,0.006956415585081532,0.3717205899467766,0.07789644764337125,0.002147666589273276,0.006124140221878127,0.9525023169601482,0.00021652431028806873,452808876,WASP-82,confirmed_planet_host,5
40.73729767972422,28.864723426746558,4.18455280043696,0.011092984144565474,0.084,0.020073829631502928,418.9661435110405,0.0065417449002243425,-0.1157762764858782,0.1105716097323759,0.0043905467122880015,0.98386665258166,0.988939190179862,0.008774560869953096,0.9742050076442056,0.01613334741834005,1.8861654283954805,0.002335164835164835,0.0011675824175824176,0.011295736117846844,0.8950188158915262,0.0,4616072,HATS-45,confirmed_planet_host,6
65.69243761550085,68.01614174945118,3.3278504846703094,0.027302815589047638,0.084,0.025241518627998668,2337.8429613339918,0.009313785475123394,-0.9745942192384862,3.2133637143264284,0.0054011537198557225,0.9654967995026758,0.9850591477411063,0.010815330826585035,0.9432568496883816,0.03450320049732425,1.4143299067913888,0.021134975639881974,0.001784121320249777,0.029757804750847106,0.9805290732388265,0.0,33521996,HATS-6,confirmed_planet_host,6
24.397134065108958,20.85278825220199,12.198553074230094,0.0023811740747441607,0.128,0.01049304775911537,217.87919417208064,0.0015486409312374524,-0.0029291531898666522,0.16970823807001434,0.0010336934455182911,0.9963376333519345,0.9974921858659265,0.00206265682058282,0.9941636698978432,0.003662366648065518,1.9277226533525182,0.00247439686576397,0.002130730634407863,0.0024698466661136065,0.9271547060944876,6.056797532338898e-05,37770169,TOI-470,confirmed_planet_host,6
68.78611801074825,140.50243835488027,2.9429014458051457,0.01780688608933225,0.084,0.02854325961874626,9977.20298360656,0.004008794102634368,-2.53665952582512,10.479391917703753,0.001805825542403161,0.9803732364112807,0.9948312617373416,0.0036173450955613307,0.974234975940557,0.019626763588719287,0.7977212756060936,0.030336383022631905,0.0011006397468528582,0.018401844020367264,0.9963628092678388,0.000402176970153989,170102285,WASP-23,confirmed_planet_host,6
80.86765309163437,88.61509903787314,1.5734190211791337,0.01474166134241145,0.084,0.053386922917106776,3939.386442029284,0.006460287471584083,-0.5147604791753851,1.3184162312763092,0.003944973672521668,0.9808747857536959,0.9883664471454583,0.007894643742272334,0.9663584431495632,0.01912521424630409,1.491935221921483,0.015058179329226557,0.0021218343600273785,0.0149312056476536,0.9338635712238431,0.0,52640302,WASP-64,confirmed_planet_host,6
70.00809619217671,128.04229120249403,2.7810312113812135,0.009743657640801349,0.084,0.030204623254940378,8250.044286875258,0.002361106983996589,-2.5563266047879174,11.916156495127428,0.0010897806730720827,0.9879719704210473,0.9969750679108608,0.002184827581870219,0.9829275869007496,0.01202802957895266,0.906954356517388,0.024787729389208438,0.0025335524513831827,0.011004640575481561,0.9767234245162166,0.0,306362738,WASP-49,confirmed_planet_host,6
51.66339264863926,196.67139428247725,3.5837833807007953,0.010614812874838635,0.084,0.02343891666342125,19490.886873682222,0.0019020419212588174,-3.5977254954944895,18.856207463883326,0.0007540974541451195,0.9890718852007152,0.9979429259520218,0.0015040027053682126,0.9855811176792284,0.010928114799284794,0.5034955913605398,0.024758247033811125,0.0016459776421370277,0.010907612930710076,0.9729634768193969,0.000585261472187959,47911178,WASP-101,confirmed_planet_host,6
84.81780517113292,65.10454406451343,2.517959030309936,0.015309898238187358,0.084,0.033360352169693734,2131.8962122265707,0.006012946187310149,-0.5868923960125927,1.3699565914280116,0.003655441907425949,0.9816259284953415,0.989319247615162,0.007310189278905144,0.9660527696506047,0.01837407150465853,1.509644308833928,0.015268743580965423,0.0018486819582334817,0.015164993959521644,0.9706581925600053,0.000321024436552797,59843967,HATS-4,confirmed_planet_host,6
94.5007559798333,310.4408740128719,3.302298719736782,0.0034064785229342715,0.216,0.06540898275163211,48332.102676051116,0.0009964770671378046,-2.615676273390231,7.468933695818402,0.00032079150269370693,0.9958165491867778,0.996848513108629,0.0006414106109856599,0.9947272827449547,0.004183450813222245,0.3432767451410369,0.06342483084878156,0.002475383684471093,0.003687619689123234,0.9646149462790625,8.419742579302003e-05,290131778,HD 202772 A,confirmed_planet_host,1
14.429337707285095,27.60824588639106,4.815298800308792,0.000154714060406601,0.34800000000000003,0.0722696585262131,380.38880492699343,0.00027246141716603413,0.04982182074405117,0.22080297472246313,0.0001821543686054139,0.999366994511095,0.9995534760490076,0.00036375705823088467,0.9989278369790621,0.0006330054889049919,1.5999616437980986,0.00130065717415115,0.0026697699890470975,0.00014790011922294344,0.47001140250887136,0.0,317548889,TOI-480,confirmed_planet_host,6
483.3954148451377,2604.599181292742,2.8221396356011765,0.02142944835499102,0.34800000000000003,0.1233106950520783,3434884.166537024,0.01401163163644821,-0.7802495073220916,0.20376717837292713,0.008918076097349292,0.9609492419503568,0.9678027010290311,0.017794742660172558,0.9574151885036059,0.0390507580496432,0.002597278137118096,0.009086927961462666,0.0,0.017117030515775067,0.7905108428368989,0.0,410214986,DS Tuc A,confirmed_planet_host,1
204.3993834853893,267.4805185107432,1.3380705076866917,0.022458051038321842,0.084,0.06277696094297935,35751.86378909398,0.006111877825098393,-2.9642763633413844,9.782911634221195,0.0019329297163885872,0.9722633465109293,0.9853010730905728,0.003872733293788344,0.9651199266356858,0.02773665348907073,0.37290183748105604,0.05497568173124214,0.0009290125143450462,0.02422841921009633,0.9932907220746037,0.0001971585075958293,402026209,WASP-4,confirmed_planet_host,2
