target_name,tic_id,category,sector,is_host,is_known_multiplanet_system,RandomForest_pred,RandomForest_proba,HistGradientBoosting_pred,HistGradientBoosting_proba
TIC 25065358,25065358,control_star,1,False,False,0,0.25,1,0.9999512567350971
TIC 38610352,38610352,control_star,1,False,False,0,0.14,0,4.874326490290308e-05
TIC 150358170,150358170,control_star,1,False,False,0,0.14,0,4.874326490290308e-05
TIC 165096948,165096948,control_star,1,False,False,1,0.95,1,0.9999512567350971
TIC 197712257,197712257,control_star,1,False,False,0,0.24,0,4.874326490290308e-05
TIC 238877488,238877488,control_star,1,False,False,0,0.04,0,4.874326490290308e-05
TIC 265591866,265591866,control_star,1,False,False,1,0.99,1,0.9999512567350971
TIC 277891181,277891181,control_star,1,False,False,0,0.0,0,4.874326490290308e-05
TIC 306573321,306573321,control_star,1,False,False,0,0.0,0,4.874326490290308e-05
TIC 370041901,370041901,control_star,1,False,False,0,0.14,0,4.874326490290308e-05
TIC 12417837,12417837,control_star,2,False,False,0,0.14,0,4.874326490290308e-05
TIC 38759751,38759751,control_star,2,False,False,0,0.36,0,4.874326490290308e-05
TIC 38823112,38823112,control_star,2,False,False,0,0.14,0,4.874326490290308e-05
TIC 38909490,38909490,control_star,2,False,False,0,0.14,0,4.874326490290308e-05
TIC 47338708,47338708,control_star,2,False,False,0,0.0,0,4.874326490290308e-05
TIC 47389361,47389361,control_star,2,False,False,0,0.42,1,0.9999512567350971
TIC 66473443,66473443,control_star,2,False,False,0,0.0,0,4.874326490290308e-05
TIC 77044681,77044681,control_star,2,False,False,0,0.0,0,4.874326490290308e-05
TIC 89529092,89529092,control_star,2,False,False,0,0.0,0,4.874326490290308e-05
TIC 116157661,116157661,control_star,2,False,False,1,0.78,1,0.9999512567350971
TIC 175366823,175366823,control_star,2,False,False,0,0.36,0,4.874326490290308e-05
TIC 206365300,206365300,control_star,2,False,False,0,0.0,0,4.874326490290308e-05
TIC 220393258,220393258,control_star,2,False,False,0,0.14,0,4.874326490290308e-05
TIC 220414222,220414222,control_star,2,False,False,0,0.28,0,4.874326490290308e-05
TIC 231831914,231831914,control_star,2,False,False,1,0.89,1,0.9999512567350971
TIC 308663672,308663672,control_star,2,False,False,1,0.53,1,0.9999512567350971
TIC 350094542,350094542,control_star,2,False,False,1,0.59,1,0.9999512567350971
TIC 389752086,389752086,control_star,2,False,False,0,0.0,0,4.874326490290308e-05
TIC 9458628,9458628,control_star,5,False,False,1,0.73,1,0.9999512567350971
TIC 37906724,37906724,control_star,5,False,False,0,0.0,0,4.874326490290308e-05
TIC 43846130,43846130,control_star,5,False,False,0,0.01,0,4.874326490290308e-05
TIC 44669966,44669966,control_star,5,False,False,0,0.37,1,0.9999512567350971
TIC 56000767,56000767,control_star,5,False,False,0,0.01,0,4.874326490290308e-05
TIC 140578791,140578791,control_star,5,False,False,0,0.14,0,4.874326490290308e-05
TIC 150106948,150106948,control_star,5,False,False,0,0.14,0,4.874326490290308e-05
TIC 177115492,177115492,control_star,5,False,False,1,0.58,1,0.9999512567350971
TIC 200376190,200376190,control_star,5,False,False,0,0.27,0,4.874326490290308e-05
TIC 219145683,219145683,control_star,5,False,False,0,0.05,0,4.874326490290308e-05
TIC 260076575,260076575,control_star,5,False,False,0,0.01,0,4.874326490290308e-05
TIC 271889486,271889486,control_star,5,False,False,1,0.75,1,0.9999512567350971
TIC 300378592,300378592,control_star,5,False,False,0,0.42,1,0.9999512567350971
TIC 311127875,311127875,control_star,5,False,False,0,0.11,1,0.9999512567350971
TIC 354572272,354572272,control_star,5,False,False,0,0.28,0,4.874326490290308e-05
TIC 382032265,382032265,control_star,5,False,False,1,0.6,1,0.9999512567350971
TIC 401946845,401946845,control_star,5,False,False,1,0.88,1,0.9999512567350971
TIC 407963329,407963329,control_star,5,False,False,0,0.0,0,4.874326490290308e-05
TIC 4205592,4205592,control_star,6,False,False,1,0.78,1,0.9999512567350971
TIC 4290207,4290207,control_star,6,False,False,0,0.32,0,4.874326490290308e-05
TIC 4293841,4293841,control_star,6,False,False,1,0.72,1,0.9999512567350971
TIC 4294111,4294111,control_star,6,False,False,0,0.35,1,0.9999512567350971
WASP-126,25155310,confirmed_planet_host,1,True,False,1,1.0,1,0.9999512567350971
WASP-124,97409519,confirmed_planet_host,1,True,False,1,1.0,1,0.9999512567350971
WASP-95,144065872,confirmed_planet_host,1,True,False,1,1.0,1,0.9999512567350971
WASP-62,149603524,confirmed_planet_host,1,True,False,1,1.0,1,0.9999512567350971
WASP-46,231663901,confirmed_planet_host,1,True,False,1,1.0,1,0.9999512567350971
WASP-73,231670397,confirmed_planet_host,1,True,False,1,0.91,1,0.9999512567350971
WASP-91,238176110,confirmed_planet_host,1,True,False,1,1.0,1,0.9999512567350971
HATS-3,336732616,confirmed_planet_host,1,True,False,1,1.0,1,0.9999512567350971
TOI-198,12421862,confirmed_planet_host,2,True,False,0,0.1,1,0.9999512567350971
TOI-209,52204645,confirmed_planet_host,2,True,False,0,0.23,1,0.9999512567350971
TOI-181,76923707,confirmed_planet_host,2,True,False,1,1.0,1,0.9999512567350971
WASP-29,183537452,confirmed_planet_host,2,True,False,1,1.0,1,0.9999512567350971
LTT 9779,183985250,confirmed_planet_host,2,True,False,1,0.64,1,0.9999512567350971
HIP 65 A,201248411,confirmed_planet_host,2,True,False,1,0.96,1,0.9999512567350971
WASP-20,211438925,confirmed_planet_host,2,True,False,1,1.0,1,0.9999512567350971
WASP-97,230982885,confirmed_planet_host,2,True,False,1,1.0,1,0.9999512567350971
HATS-71,234523599,confirmed_planet_host,2,True,False,1,1.0,1,0.9999512567350971
HATS-30,281459670,confirmed_planet_host,2,True,False,1,1.0,1,0.9999512567350971
HATS-46,281541555,confirmed_planet_host,2,True,False,1,0.88,1,0.9999512567350971
HATS-34,355703913,confirmed_planet_host,2,True,False,1,0.88,1,0.9999512567350971
WASP-119,388104525,confirmed_planet_host,2,True,False,1,1.0,1,0.9999512567350971
HD 221416,441462736,confirmed_planet_host,2,True,False,1,0.62,1,0.9999512567350971
NGTS-6,1528696,confirmed_planet_host,5,True,False,1,0.74,1,0.9999512567350971
WASP-61,13021029,confirmed_planet_host,5,True,False,1,1.0,1,0.9999512567350971
HATS-44,32499655,confirmed_planet_host,5,True,False,1,0.59,1,0.9999512567350971
WASP-35,43647325,confirmed_planet_host,5,True,False,1,1.0,1,0.9999512567350971
,44647437,confirmed_planet_host,5,True,False,0,0.46,1,0.9999512567350971
LP 714-47,70899085,confirmed_planet_host,5,True,False,1,0.99,1,0.9999512567350971
HATS-43,78055054,confirmed_planet_host,5,True,False,1,1.0,1,0.9999512567350971
WASP-141,117979897,confirmed_planet_host,5,True,False,1,1.0,1,0.9999512567350971
WASP-78,139528693,confirmed_planet_host,5,True,False,1,0.99,1,0.9999512567350971
HATS-5,139733308,confirmed_planet_host,5,True,False,1,1.0,1,0.9999512567350971
WASP-120,152476657,confirmed_planet_host,5,True,False,1,0.99,1,0.9999512567350971
WASP-79,170634116,confirmed_planet_host,5,True,False,1,1.0,1,0.9999512567350971
WASP-140,178284730,confirmed_planet_host,5,True,False,1,1.0,1,0.9999512567350971
TOI-540,200322593,confirmed_planet_host,5,True,False,1,0.78,1,0.9999512567350971
GJ 238,260708537,confirmed_planet_host,5,True,False,0,0.0,0,4.874326490290308e-05
WASP-82,452808876,confirmed_planet_host,5,True,False,1,0.99,1,0.9999512567350971
HATS-45,4616072,confirmed_planet_host,6,True,False,1,0.89,1,0.9999512567350971
HATS-6,33521996,confirmed_planet_host,6,True,False,1,0.99,1,0.9999512567350971
TOI-470,37770169,confirmed_planet_host,6,True,False,1,0.61,1,0.9999512567350971
WASP-23,170102285,confirmed_planet_host,6,True,False,1,1.0,1,0.9999512567350971
WASP-64,52640302,confirmed_planet_host,6,True,False,1,0.99,1,0.9999512567350971
WASP-49,306362738,confirmed_planet_host,6,True,False,1,1.0,1,0.9999512567350971
WASP-101,47911178,confirmed_planet_host,6,True,False,1,1.0,1,0.9999512567350971
HATS-4,59843967,confirmed_planet_host,6,True,False,1,0.99,1,0.9999512567350971
HD 202772 A,290131778,confirmed_planet_host,1,True,False,1,0.91,1,0.9999512567350971
TOI-480,317548889,confirmed_planet_host,6,True,False,0,0.37,1,0.9999512567350971
DS Tuc A,410214986,confirmed_planet_host,1,True,False,1,0.95,1,0.9999512567350971
WASP-4,402026209,confirmed_planet_host,2,True,False,1,0.98,1,0.9999512567350971
