target_name,tic_id,sector,n_raw_cadences,n_nonzero_quality,n_nonfinite_time,n_nonfinite_flux,n_nonfinite_flux_err,n_qual0_but_nonfinite_flux,n_qual0_but_nonfinite_time,n_qual0_but_nonfinite_err,n_overlap_nonzero_qual_and_nan_time,n_overlap_nonzero_qual_and_nan_flux,n_duplicate_timestamps,n_non_increasing_timestamps,n_additional_filter_rejections,n_total_rejected_unique,n_final_retained_cadences,usable_fraction,reconciliation_status,reconciliation_notes
WASP-126,25155310,1,20076,1798,815,1798,1798,0,0,0,815,1798,0,0,0,1798,18278,0.9104,VERIFIED_EXACT,All 815 NaN TIME cadences have QUALITY=8 (coarse pointing); 0 cadences had finite flux but nonzero quality flags; 0 NaN cadences had QUALITY=0.
WASP-124,97409519,1,20076,2599,815,2599,2599,0,0,0,815,2599,0,0,0,2599,17477,0.8705,VERIFIED_EXACT,All 815 NaN TIME cadences have QUALITY=8 (coarse pointing); 0 cadences had finite flux but nonzero quality flags; 0 NaN cadences had QUALITY=0.
TIC 197712257,197712257,1,20076,2012,815,2010,2010,0,0,0,815,2010,0,0,0,2012,18064,0.8998,VERIFIED_EXACT,All 815 NaN TIME cadences have QUALITY=8 (coarse pointing); 2 cadences had finite flux but nonzero quality flags; 0 NaN cadences had QUALITY=0.
WASP-46,231663901,1,20076,1800,815,1799,1799,0,0,0,815,1799,0,0,0,1800,18276,0.9103,VERIFIED_EXACT,All 815 NaN TIME cadences have QUALITY=8 (coarse pointing); 1 cadences had finite flux but nonzero quality flags; 0 NaN cadences had QUALITY=0.
WASP-91,238176110,1,20076,1800,815,1799,1799,0,0,0,815,1799,0,0,0,1800,18276,0.9103,VERIFIED_EXACT,All 815 NaN TIME cadences have QUALITY=8 (coarse pointing); 1 cadences had finite flux but nonzero quality flags; 0 NaN cadences had QUALITY=0.
TIC 265591866,265591866,1,20076,1802,815,1799,1799,0,0,0,815,1799,0,0,0,1802,18274,0.9102,VERIFIED_EXACT,All 815 NaN TIME cadences have QUALITY=8 (coarse pointing); 3 cadences had finite flux but nonzero quality flags; 0 NaN cadences had QUALITY=0.
TIC 277891181,277891181,1,20076,1800,815,1799,1799,0,0,0,815,1799,0,0,0,1800,18276,0.9103,VERIFIED_EXACT,All 815 NaN TIME cadences have QUALITY=8 (coarse pointing); 1 cadences had finite flux but nonzero quality flags; 0 NaN cadences had QUALITY=0.
TIC 306573321,306573321,1,20076,1798,815,1797,1797,0,0,0,815,1797,0,0,0,1798,18278,0.9104,VERIFIED_EXACT,All 815 NaN TIME cadences have QUALITY=8 (coarse pointing); 1 cadences had finite flux but nonzero quality flags; 0 NaN cadences had QUALITY=0.
TIC 370041901,370041901,1,20076,1800,815,1798,1798,0,0,0,815,1798,0,0,0,1800,18276,0.9103,VERIFIED_EXACT,All 815 NaN TIME cadences have QUALITY=8 (coarse pointing); 2 cadences had finite flux but nonzero quality flags; 0 NaN cadences had QUALITY=0.
LHS 3844,410153553,1,20076,1801,815,1799,1799,0,0,0,815,1799,0,0,0,1801,18275,0.9103,VERIFIED_EXACT,All 815 NaN TIME cadences have QUALITY=8 (coarse pointing); 2 cadences had finite flux but nonzero quality flags; 0 NaN cadences had QUALITY=0.
