target_name,tic_id,category,sector,cadence_sec,pipeline,flux_column,tstart_btjd,tstop_btjd,duration_days,n_raw_cadences,n_usable_cadences,n_quality_rejected,usable_cadence_fraction,gap_count,max_gap_days,overlaps_predicted_transit,n_predicted_transit_windows,n_windows_with_cadences,n_windows_full_coverage,n_windows_zero_cadence,n_observed_transits,is_visually_apparent,algorithmic_recovery,fits_filename,file_size_bytes,sha256,download_source,retrieval_date,qa_passed
WASP-126,25155310,confirmed_planet_host,1,120.00058557896409,NASA/Ames,pdcsap_flux,1325.29454,1353.178,27.8835,20076,18278,1798,0.9104,1,1.1347,True,8,8,8,0,8,True,Not evaluated in pilot (no algorithm run),tess2018206045859-s0001-0000000025155310-0120-s_lc.fits,2039040,12ddd623b04bdd354f27b5c89287b3a25a800d65cdf2733a1d0d04ab98e2d790,NASA MAST (SPOC Pipeline),2026-09-28,True
WASP-46,231663901,confirmed_planet_host,1,119.99810118286405,NASA/Ames,pdcsap_flux,1325.29826,1353.18106,27.8828,20076,18276,1800,0.9103,1,1.1347,True,20,19,17,1,19,True,Not evaluated in pilot (no algorithm run),tess2018206045859-s0001-0000000231663901-0120-s_lc.fits,2039040,9c59e545b60333877c5528012726adecbabf95e3e3aba1bfce91f297eabc5060,NASA MAST (SPOC Pipeline),2026-09-28,True
WASP-91,238176110,confirmed_planet_host,1,119.999549556087,NASA/Ames,pdcsap_flux,1325.2966,1353.1798,27.8832,20076,18276,1800,0.9103,1,1.1347,True,10,10,9,0,10,True,Not evaluated in pilot (no algorithm run),tess2018206045859-s0001-0000000238176110-0120-s_lc.fits,2039040,51399ff4fdae37760c8d3679980dac1966b12bf825b8ae860d8ffc16de6879ba,NASA MAST (SPOC Pipeline),2026-09-28,True
LHS 3844,410153553,confirmed_planet_host,1,119.99878508722759,NASA/Ames,pdcsap_flux,1325.29706,1353.18006,27.883,20076,18275,1801,0.9103,1,1.1347,True,60,57,56,3,57,False,Not evaluated in pilot (no algorithm run),tess2018206045859-s0001-0000000410153553-0120-s_lc.fits,2039040,8484c32c7ed43da7f8f190685b89f49b81369f56a42944b27371aa6936c11bdb,NASA MAST (SPOC Pipeline),2026-09-28,True
WASP-124,97409519,confirmed_planet_host,1,120.0020036791102,NASA/Ames,pdcsap_flux,1325.29882,1353.18246,27.8836,20076,17477,2599,0.8705,2,1.1347,True,8,8,8,0,8,True,Not evaluated in pilot (no algorithm run),tess2018206045859-s0001-0000000097409519-0120-s_lc.fits,2039040,29e9b7a3289f66231c1cf69896e8d5908120fb0f3b2150ed532fdd6ee25174b4,NASA MAST (SPOC Pipeline),2026-09-28,True
TIC 265591866,265591866,control_star,1,119.99914710686426,NASA/Ames,pdcsap_flux,1325.2978,1353.18085,27.8831,20076,18274,1802,0.9102,1,1.1347,False,0,0,0,0,0,False,Not evaluated in pilot (no algorithm run),tess2018206045859-s0001-0000000265591866-0120-s_lc.fits,2039040,7aeca9679d5d3f311d9d29b9111369ce0b951eee0d73dc4b48bfacaa38ab4759,NASA MAST (SPOC Pipeline),2026-09-28,True
TIC 306573321,306573321,control_star,1,119.99781792037538,NASA/Ames,pdcsap_flux,1325.2937,1353.1765,27.8828,20076,18278,1798,0.9104,1,1.1347,False,0,0,0,0,0,False,Not evaluated in pilot (no algorithm run),tess2018206045859-s0001-0000000306573321-0120-s_lc.fits,2039040,474d88615b1eacb3d2e19f5bad584975bd049580600994040fae4de5030d9134,NASA MAST (SPOC Pipeline),2026-09-28,True
TIC 277891181,277891181,control_star,1,119.9983625607274,NASA/Ames,pdcsap_flux,1325.29636,1353.1793,27.8829,20076,18276,1800,0.9103,1,1.1347,False,0,0,0,0,0,False,Not evaluated in pilot (no algorithm run),tess2018206045859-s0001-0000000277891181-0120-s_lc.fits,2039040,48f95fc3d5b1951014f6247852937c9282c837f9a14beb29ce15e271d39c9a11,NASA MAST (SPOC Pipeline),2026-09-28,True
TIC 370041901,370041901,control_star,1,120.00070639624028,NASA/Ames,pdcsap_flux,1325.29441,1353.1779,27.8835,20076,18276,1800,0.9103,1,1.1347,False,0,0,0,0,0,False,Not evaluated in pilot (no algorithm run),tess2018206045859-s0001-0000000370041901-0120-s_lc.fits,2039040,7eebde94b6248dd748dc39bdf1d24f07e6518e09821d7f141f842303e3fd301b,NASA MAST (SPOC Pipeline),2026-09-28,True
TIC 197712257,197712257,control_star,1,120.00071631700848,NASA/Ames,pdcsap_flux,1325.29867,1353.18202,27.8834,20076,18064,2012,0.8998,1,1.1347,False,0,0,0,0,0,False,Not evaluated in pilot (no algorithm run),tess2018206045859-s0001-0000000197712257-0120-s_lc.fits,2039040,85332b3d74f7ec858d6230e693e7985de6b7cabbe26926658d829261b034799e,NASA MAST (SPOC Pipeline),2026-09-28,True
