target_name,tic_id,category,sector,is_confirmed_host,planet_name,toi_id,period_days,period_err,t0_bjd,t0_err,duration_hours,duration_err,depth_ppm,tmag,ra,dec,data_uri,selection_rationale,ephemeris_source,notes
WASP-126,25155310,confirmed_planet_host,1,True,WASP-126 b,TOI-114.01,3.2887898,3e-07,2458327.519958,6.1e-05,3.4367717,0.0099877,7005.7247902,10.6103,63.374706,-69.226593,mast:TESS/product/tess2018206045859-s0001-0000000025155310-0120-s_lc.fits,Confirmed single-planet host in NASA Exoplanet Archive TOI table with SPOC 120s cadence data,NASA Exoplanet Archive TOI Table (TOI-114.01),Qualified single-planet host system (GATE-06 / GATE-08)
WASP-46,231663901,confirmed_planet_host,1,True,WASP-46 b,TOI-101.01,1.4303699,8e-07,2458326.009117,0.000132,1.6165994,0.0192089,18960.7122944,12.4069,318.737012,-55.871863,mast:TESS/product/tess2018206045859-s0001-0000000231663901-0120-s_lc.fits,Confirmed single-planet host in NASA Exoplanet Archive TOI table with SPOC 120s cadence data,NASA Exoplanet Archive TOI Table (TOI-101.01),Qualified single-planet host system (GATE-06 / GATE-08)
WASP-91,238176110,confirmed_planet_host,1,True,WASP-91 b,TOI-116.01,2.7985802,3e-07,2458326.688916,7.4e-05,2.3801043,0.0129933,16708.7151957,11.0443,357.846434,-70.152862,mast:TESS/product/tess2018206045859-s0001-0000000238176110-0120-s_lc.fits,Confirmed single-planet host in NASA Exoplanet Archive TOI table with SPOC 120s cadence data,NASA Exoplanet Archive TOI Table (TOI-116.01),Qualified single-planet host system (GATE-06 / GATE-08)
WASP-124,97409519,confirmed_planet_host,1,True,WASP-124 b,TOI-113.01,3.372877,0.000147,2458327.053085,0.000623,2.63426,0.043644,17163.60419,12.1893,332.714337,-30.749719,mast:TESS/product/tess2018206045859-s0001-0000000097409519-0120-s_lc.fits,Confirmed single-planet host in NASA Exoplanet Archive TOI table with SPOC 120s cadence data,NASA Exoplanet Archive TOI Table (TOI-113.01),Qualified single-planet host system (GATE-06 / GATE-08)
WASP-62,149603524,confirmed_planet_host,1,True,WASP-62 b,TOI-102.01,4.4119372,2.3e-06,2460982.065462,0.000897,3.6321285,0.2222028,14711.8810303,9.7109,87.139821,-63.988329,mast:TESS/product/tess2018206045859-s0001-0000000149603524-0120-s_lc.fits,Confirmed single-planet host in NASA Exoplanet Archive TOI table with SPOC 120s cadence data,NASA Exoplanet Archive TOI Table (TOI-102.01),Qualified single-planet host system (GATE-06 / GATE-08)
HATS-3,336732616,confirmed_planet_host,1,True,HATS-3 b,TOI-103.01,3.547854,0.000149,2458327.25256,0.000586,3.494333,0.049205,10424.3718,11.5232,312.457488,-24.428694,mast:TESS/product/tess2018206045859-s0001-0000000336732616-0120-s_lc.fits,Confirmed single-planet host in NASA Exoplanet Archive TOI table with SPOC 120s cadence data,NASA Exoplanet Archive TOI Table (TOI-103.01),Qualified single-planet host system (GATE-06 / GATE-08)
WASP-73,231670397,confirmed_planet_host,1,True,WASP-73 b,TOI-104.01,4.0872956,2.3e-06,2460150.608677,0.000682,5.586113,0.0508755,3572.1712499,9.8638,319.949697,-58.148933,mast:TESS/product/tess2018206045859-s0001-0000000231670397-0120-s_lc.fits,Confirmed single-planet host in NASA Exoplanet Archive TOI table with SPOC 120s cadence data,NASA Exoplanet Archive TOI Table (TOI-104.01),Qualified single-planet host system (GATE-06 / GATE-08)
WASP-95,144065872,confirmed_planet_host,1,True,WASP-95 b,TOI-105.01,2.1846669,1e-07,2460904.412675,9.3e-05,2.6989102,0.1819118,11535.5475157,9.4995,337.457824,-48.003099,mast:TESS/product/tess2018206045859-s0001-0000000144065872-0120-s_lc.fits,Confirmed single-planet host in NASA Exoplanet Archive TOI table with SPOC 120s cadence data,NASA Exoplanet Archive TOI Table (TOI-105.01),Qualified single-planet host system (GATE-06 / GATE-08)
WASP-100,38846515,confirmed_planet_host,1,True,WASP-100 b,TOI-106.01,2.8493827,2e-07,2460988.068249,0.0001,3.548888,0.2195217,7740.4889995,10.3157,68.959816,-64.027039,mast:TESS/product/tess2018206045859-s0001-0000000038846515-0120-s_lc.fits,Confirmed single-planet host in NASA Exoplanet Archive TOI table with SPOC 120s cadence data,NASA Exoplanet Archive TOI Table (TOI-106.01),Qualified single-planet host system (GATE-06 / GATE-08)
WASP-94 A,92352620,confirmed_planet_host,1,True,WASP-94 A b,TOI-107.01,3.9502008,2.6e-06,2460176.993334,0.000449,4.444,0.046,13914.0,9.6433,313.783239,-34.135751,mast:TESS/product/tess2018206045859-s0001-0000000092352620-0120-s_lc.fits,Confirmed single-planet host in NASA Exoplanet Archive TOI table with SPOC 120s cadence data,NASA Exoplanet Archive TOI Table (TOI-107.01),Qualified single-planet host system (GATE-06 / GATE-08)
HATS-30,281459670,confirmed_planet_host,2,True,HATS-30 b,TOI-110.01,3.1743504,1.7e-06,2458328.039934,0.000227,2.751086,0.0309315,15457.3247576,11.6714,5.618525,-59.942589,mast:TESS/product/tess2018234235059-s0002-0000000281459670-0121-s_lc.fits,Confirmed single-planet host in NASA Exoplanet Archive TOI table with SPOC 120s cadence data,NASA Exoplanet Archive TOI Table (TOI-110.01),Qualified single-planet host system (GATE-06 / GATE-08)
HATS-34,355703913,confirmed_planet_host,2,True,HATS-34 b,TOI-111.01,2.1061569,2.6e-06,2458326.105486,0.000396,1.4688934,0.056278,12142.2238514,13.183,0.774487,-62.469317,mast:TESS/product/tess2018234235059-s0002-0000000355703913-0121-s_lc.fits,Confirmed single-planet host in NASA Exoplanet Archive TOI table with SPOC 120s cadence data,NASA Exoplanet Archive TOI Table (TOI-111.01),Qualified single-planet host system (GATE-06 / GATE-08)
WASP-119,388104525,confirmed_planet_host,2,True,WASP-119 b,TOI-112.01,2.4997996,4e-07,2460069.773646,0.000365,2.865171,0.0097803,14621.2059647,11.6035,55.933639,-65.19378,mast:TESS/product/tess2018234235059-s0002-0000000388104525-0121-s_lc.fits,Confirmed single-planet host in NASA Exoplanet Archive TOI table with SPOC 120s cadence data,NASA Exoplanet Archive TOI Table (TOI-112.01),Qualified single-planet host system (GATE-06 / GATE-08)
HATS-46,281541555,confirmed_planet_host,2,True,HATS-46 b,TOI-115.01,4.7423709,3.1e-06,2458329.903155,0.000542,2.4988145,0.0665051,12650.8110411,13.0417,6.70264,-56.316102,mast:TESS/product/tess2018234235059-s0002-0000000281541555-0121-s_lc.fits,Confirmed single-planet host in NASA Exoplanet Archive TOI table with SPOC 120s cadence data,NASA Exoplanet Archive TOI Table (TOI-115.01),Qualified single-planet host system (GATE-06 / GATE-08)
TOI-125,52368076,confirmed_planet_host,2,True,TOI-125 d,TOI-125.01,4.6517186,8.3e-06,2460206.744249,0.001979,2.709,0.921,978.0,10.1985,23.593425,-66.676349,mast:TESS/product/tess2018234235059-s0002-0000000052368076-0121-s_lc.fits,Confirmed single-planet host in NASA Exoplanet Archive TOI table with SPOC 120s cadence data,NASA Exoplanet Archive TOI Table (TOI-125.01),Qualified single-planet host system (GATE-06 / GATE-08)
HATS-71,234523599,confirmed_planet_host,2,True,HATS-71 b,TOI-127.01,3.7955178,2.3e-06,2458325.650603,0.000243,2.0198135,0.0315755,52278.9940979,14.1266,15.551889,-61.756133,mast:TESS/product/tess2018234235059-s0002-0000000234523599-0121-s_lc.fits,Confirmed single-planet host in NASA Exoplanet Archive TOI table with SPOC 120s cadence data,NASA Exoplanet Archive TOI Table (TOI-127.01),Qualified single-planet host system (GATE-06 / GATE-08)
HIP 65 A,201248411,confirmed_planet_host,2,True,HIP 65 A b,TOI-129.01,0.980972,5e-07,2460205.646862,0.000584,0.5405036,0.0262389,6178.392421,9.9005,0.185606,-54.830823,mast:TESS/product/tess2018234235059-s0002-0000000201248411-0121-s_lc.fits,Confirmed single-planet host in NASA Exoplanet Archive TOI table with SPOC 120s cadence data,NASA Exoplanet Archive TOI Table (TOI-129.01),Qualified single-planet host system (GATE-06 / GATE-08)
L 98-59,307210830,confirmed_planet_host,2,True,L 98-59 e,TOI-175.01,3.6906759,1e-06,2460688.70837,0.00038,1.107,0.081,1657.0,9.41242,124.53286,-68.314466,mast:TESS/product/tess2018234235059-s0002-0000000307210830-0121-s_lc.fits,Confirmed single-planet host in NASA Exoplanet Archive TOI table with SPOC 120s cadence data,NASA Exoplanet Archive TOI Table (TOI-175.01),Qualified single-planet host system (GATE-06 / GATE-08)
GJ 3090,262530407,confirmed_planet_host,2,True,GJ 3090 b,TOI-177.01,2.8531016,1.7e-06,2460204.963281,0.000883,1.263753,0.1309933,1547.1068927,9.49275,20.438428,-46.714723,mast:TESS/product/tess2018234235059-s0002-0000000262530407-0121-s_lc.fits,Confirmed single-planet host in NASA Exoplanet Archive TOI table with SPOC 120s cadence data,NASA Exoplanet Archive TOI Table (TOI-177.01),Qualified single-planet host system (GATE-06 / GATE-08)
TOI-178,251848941,confirmed_planet_host,2,True,TOI-178 f,TOI-178.01,6.5578513,1.06e-05,2460196.437088,0.001858,2.08,0.17,1596.0,10.42,7.302011,-30.454116,mast:TESS/product/tess2018234235059-s0002-0000000251848941-0121-s_lc.fits,Confirmed single-planet host in NASA Exoplanet Archive TOI table with SPOC 120s cadence data,NASA Exoplanet Archive TOI Table (TOI-178.01),Qualified single-planet host system (GATE-06 / GATE-08)
HD 18599,207141131,confirmed_planet_host,3,True,HD 18599 b,TOI-179.01,4.1374403,1.6e-06,2460985.999063,0.000788,1.587497,0.1438976,1008.4447279,8.1796,44.262014,-56.191869,mast:TESS/product/tess2018263035959-s0003-0000000207141131-0123-s_lc.fits,Confirmed single-planet host in NASA Exoplanet Archive TOI table with SPOC 120s cadence data,NASA Exoplanet Archive TOI Table (TOI-179.01),Qualified single-planet host system (GATE-06 / GATE-08)
WASP-18,100100827,confirmed_planet_host,3,True,WASP-18 b,TOI-185.01,0.9414525,1e-07,2460205.353322,0.000206,2.05,0.036,11445.0,8.8287,24.354462,-45.677794,mast:TESS/product/tess2018263035959-s0003-0000000100100827-0123-s_lc.fits,Confirmed single-planet host in NASA Exoplanet Archive TOI table with SPOC 120s cadence data,NASA Exoplanet Archive TOI Table (TOI-185.01),Qualified single-planet host system (GATE-06 / GATE-08)
WASP-117,166739520,confirmed_planet_host,3,True,WASP-117 b,TOI-190.01,10.0205932,2.1e-06,2460982.967362,0.000286,5.7033765,0.3606535,8247.6689406,9.6411,36.775811,-50.284425,mast:TESS/product/tess2018263035959-s0003-0000000166739520-0123-s_lc.fits,Confirmed single-planet host in NASA Exoplanet Archive TOI table with SPOC 120s cadence data,NASA Exoplanet Archive TOI Table (TOI-190.01),Qualified single-planet host system (GATE-06 / GATE-08)
TOI-206,55650590,confirmed_planet_host,3,True,TOI-206 b,TOI-206.01,0.7363132,4.8e-06,2458325.542536,0.000284,0.6736853,0.062197,1322.5461054,12.4312,73.73822,-62.521874,mast:TESS/product/tess2018263035959-s0003-0000000055650590-0123-s_lc.fits,Confirmed single-planet host in NASA Exoplanet Archive TOI table with SPOC 120s cadence data,NASA Exoplanet Archive TOI Table (TOI-206.01),Qualified single-planet host system (GATE-06 / GATE-08)
WASP-105,158623531,confirmed_planet_host,3,True,WASP-105 b,TOI-246.01,7.8728937,4.8e-06,2458355.73229,0.00025,3.7599578,0.0309502,14639.4155321,11.2794,24.167869,-50.659308,mast:TESS/product/tess2018263035959-s0003-0000000158623531-0123-s_lc.fits,Confirmed single-planet host in NASA Exoplanet Archive TOI table with SPOC 120s cadence data,NASA Exoplanet Archive TOI Table (TOI-246.01),Qualified single-planet host system (GATE-06 / GATE-08)
nan,201793781,confirmed_planet_host,3,True,nan,TOI-248.01,5.9910773,6.8e-06,2460978.928981,0.002052,3.1710687,0.5370792,389.761105,8.4642,34.684283,-54.859725,mast:TESS/product/tess2018263035959-s0003-0000000201793781-0123-s_lc.fits,Confirmed single-planet host in NASA Exoplanet Archive TOI table with SPOC 120s cadence data,NASA Exoplanet Archive TOI Table (TOI-248.01),Qualified single-planet host system (GATE-06 / GATE-08)
WASP-44,12862099,confirmed_planet_host,3,True,WASP-44 b,TOI-259.01,2.4238226,0.0001365,2458386.578118,0.000681,2.2484015,0.0542733,16167.1783697,12.3993,3.903273,-11.938264,mast:TESS/product/tess2018263035959-s0003-0000000012862099-0123-s_lc.fits,Confirmed single-planet host in NASA Exoplanet Archive TOI table with SPOC 120s cadence data,NASA Exoplanet Archive TOI Table (TOI-259.01),Qualified single-planet host system (GATE-06 / GATE-08)
TOI-260,37749396,confirmed_planet_host,3,True,TOI-260 b,TOI-260.01,13.4758478,2.19e-05,2458392.294018,0.001904,2.0643913,0.1925059,708.9461601,8.4991,4.773018,-9.96615,mast:TESS/product/tess2018263035959-s0003-0000000037749396-0123-s_lc.fits,Confirmed single-planet host in NASA Exoplanet Archive TOI table with SPOC 120s cadence data,NASA Exoplanet Archive TOI Table (TOI-260.01),Qualified single-planet host system (GATE-06 / GATE-08)
TOI-261,63898957,confirmed_planet_host,3,True,TOI-261.02,TOI-261.01,3.3639254,1.56e-05,2458383.915624,0.001762,3.3430495,0.1936962,422.0610761,9.03971,15.218141,-24.423993,mast:TESS/product/tess2018263035959-s0003-0000000063898957-0123-s_lc.fits,Confirmed single-planet host in NASA Exoplanet Archive TOI table with SPOC 120s cadence data,NASA Exoplanet Archive TOI Table (TOI-261.01),Qualified single-planet host system (GATE-06 / GATE-08)
TOI-262,70513361,confirmed_planet_host,3,True,TOI-262 b,TOI-262.01,11.1452784,3.7e-05,2460942.112361,0.001173,1.3947705,0.3350079,566.2736451,8.1345,32.534687,-31.070627,mast:TESS/product/tess2018263035959-s0003-0000000070513361-0123-s_lc.fits,Confirmed single-planet host in NASA Exoplanet Archive TOI table with SPOC 120s cadence data,NASA Exoplanet Archive TOI Table (TOI-262.01),Qualified single-planet host system (GATE-06 / GATE-08)
HD 39091,261136679,confirmed_planet_host,4,True,pi Men d,TOI-144.01,6.2678139,3.1e-06,2460901.578202,0.000721,2.789,0.237,321.0,5.1054,84.29928,-80.464604,mast:TESS/product/tess2018292075959-s0004-0000000261136679-0124-s_lc.fits,Confirmed single-planet host in NASA Exoplanet Archive TOI table with SPOC 120s cadence data,NASA Exoplanet Archive TOI Table (TOI-144.01),Qualified single-planet host system (GATE-06 / GATE-08)
TOI-220,150098860,confirmed_planet_host,4,True,TOI-220 b,TOI-220.01,10.6953065,6e-06,2460966.946848,0.00101,1.992523,0.3790715,927.7984537,9.6878,91.799699,-61.99721,mast:TESS/product/tess2018292075959-s0004-0000000150098860-0124-s_lc.fits,Confirmed single-planet host in NASA Exoplanet Archive TOI table with SPOC 120s cadence data,NASA Exoplanet Archive TOI Table (TOI-220.01),Qualified single-planet host system (GATE-06 / GATE-08)
WASP-72,122612091,confirmed_planet_host,4,True,WASP-72 b,TOI-264.01,2.2167436,2.8e-06,2460988.072434,0.001673,3.8789472,0.0321556,4239.7484463,10.4614,41.040078,-30.169078,mast:TESS/product/tess2018292075959-s0004-0000000122612091-0124-s_lc.fits,Confirmed single-planet host in NASA Exoplanet Archive TOI table with SPOC 120s cadence data,NASA Exoplanet Archive TOI Table (TOI-264.01),Qualified single-planet host system (GATE-06 / GATE-08)
WASP-139,159951311,confirmed_planet_host,4,True,WASP-139 b,TOI-265.01,5.9242661,3.6e-06,2459169.574874,0.000347,2.8894449,0.0362123,11796.3303624,11.7276,49.562173,-41.302023,mast:TESS/product/tess2018292075959-s0004-0000000159951311-0124-s_lc.fits,Confirmed single-planet host in NASA Exoplanet Archive TOI table with SPOC 120s cadence data,NASA Exoplanet Archive TOI Table (TOI-265.01),Qualified single-planet host system (GATE-06 / GATE-08)
TOI-269,220479565,confirmed_planet_host,4,True,TOI-269 b,TOI-269.01,3.6977167,2.2e-06,2458381.845549,0.000243,0.9308263,0.0725687,4755.6707294,12.2958,75.846283,-54.177721,mast:TESS/product/tess2018292075959-s0004-0000000220479565-0124-s_lc.fits,Confirmed single-planet host in NASA Exoplanet Archive TOI table with SPOC 120s cadence data,NASA Exoplanet Archive TOI Table (TOI-269.01),Qualified single-planet host system (GATE-06 / GATE-08)
TOI-270,259377017,confirmed_planet_host,4,True,TOI-270 c,TOI-270.01,5.6604773,1.7e-06,2460982.004741,0.000611,1.6617716,0.2415571,3451.8440419,10.4981,68.41608,-51.957394,mast:TESS/product/tess2018292075959-s0004-0000000259377017-0124-s_lc.fits,Confirmed single-planet host in NASA Exoplanet Archive TOI table with SPOC 120s cadence data,NASA Exoplanet Archive TOI Table (TOI-270.01),Qualified single-planet host system (GATE-06 / GATE-08)
TOI-286,150030205,confirmed_planet_host,4,True,TOI-286 c,TOI-286.01,4.5117295,3.6e-06,2460980.715227,0.00114,1.7906998,0.4242966,306.1299697,9.1059,90.984276,-60.666335,mast:TESS/product/tess2018292075959-s0004-0000000150030205-0124-s_lc.fits,Confirmed single-planet host in NASA Exoplanet Archive TOI table with SPOC 120s cadence data,NASA Exoplanet Archive TOI Table (TOI-286.01),Qualified single-planet host system (GATE-06 / GATE-08)
WASP-71,422655579,confirmed_planet_host,4,True,WASP-71 b,TOI-388.01,2.9036858,2.1e-06,2460985.806844,0.000799,5.0469369,0.032279,4642.2749148,10.1638,29.263451,0.758825,mast:TESS/product/tess2018292075959-s0004-0000000422655579-0124-s_lc.fits,Confirmed single-planet host in NASA Exoplanet Archive TOI table with SPOC 120s cadence data,NASA Exoplanet Archive TOI Table (TOI-388.01),Qualified single-planet host system (GATE-06 / GATE-08)
WASP-50,382391899,confirmed_planet_host,4,True,WASP-50 b,TOI-391.01,1.9550932,5e-07,2459169.669461,0.000132,1.78762,0.0106826,19634.9908668,11.0529,43.688074,-10.898024,mast:TESS/product/tess2018292075959-s0004-0000000382391899-0124-s_lc.fits,Confirmed single-planet host in NASA Exoplanet Archive TOI table with SPOC 120s cadence data,NASA Exoplanet Archive TOI Table (TOI-391.01),Qualified single-planet host system (GATE-06 / GATE-08)
HR 858,178155732,confirmed_planet_host,4,True,HR 858 c,TOI-396.01,5.9739124,1.87e-05,2459120.537697,0.001943,3.1235464,0.1290135,232.5621027,5.9053,42.984978,-30.814061,mast:TESS/product/tess2018292075959-s0004-0000000178155732-0124-s_lc.fits,Confirmed single-planet host in NASA Exoplanet Archive TOI table with SPOC 120s cadence data,NASA Exoplanet Archive TOI Table (TOI-396.01),Qualified single-planet host system (GATE-06 / GATE-08)
WASP-79,170634116,confirmed_planet_host,5,True,WASP-79 b,TOI-413.01,3.6623918,7e-07,2459174.669346,0.000263,3.7669692,0.0089357,12253.6582523,9.6757,66.370902,-30.600436,mast:TESS/product/tess2018319095959-s0005-0000000170634116-0125-s_lc.fits,Confirmed single-planet host in NASA Exoplanet Archive TOI table with SPOC 120s cadence data,NASA Exoplanet Archive TOI Table (TOI-413.01),Qualified single-planet host system (GATE-06 / GATE-08)
WASP-120,152476657,confirmed_planet_host,5,True,WASP-120 b,TOI-415.01,3.6112621,2.2e-06,2459166.483051,0.000557,3.5377447,0.0288534,5684.0944144,10.5831,62.616081,-45.898243,mast:TESS/product/tess2018319095959-s0005-0000000152476657-0125-s_lc.fits,Confirmed single-planet host in NASA Exoplanet Archive TOI table with SPOC 120s cadence data,NASA Exoplanet Archive TOI Table (TOI-415.01),Qualified single-planet host system (GATE-06 / GATE-08)
WASP-140,178284730,confirmed_planet_host,5,True,WASP-140 b,TOI-418.01,2.2359865,5e-07,2459146.100495,0.000177,1.5254332,0.0064515,19058.0137423,10.3074,60.385539,-20.450999,mast:TESS/product/tess2018319095959-s0005-0000000178284730-0125-s_lc.fits,Confirmed single-planet host in NASA Exoplanet Archive TOI table with SPOC 120s cadence data,NASA Exoplanet Archive TOI Table (TOI-418.01),Qualified single-planet host system (GATE-06 / GATE-08)
WASP-35,43647325,confirmed_planet_host,5,True,WASP-35 b,TOI-423.01,3.1615697,7e-07,2459176.768453,0.000197,3.1425792,0.011049,17482.2328085,10.4408,76.081891,-6.22978,mast:TESS/product/tess2018319095959-s0005-0000000043647325-0125-s_lc.fits,Confirmed single-planet host in NASA Exoplanet Archive TOI table with SPOC 120s cadence data,NASA Exoplanet Archive TOI Table (TOI-423.01),Qualified single-planet host system (GATE-06 / GATE-08)
TOI-426,189013224,confirmed_planet_host,5,True,TOI-426 b,TOI-426.01,1.3205037,1.21e-05,2458438.524066,0.001107,2.0155519,0.4714316,469.4537481,9.59689,79.102193,-15.510242,mast:TESS/product/tess2018319095959-s0005-0000000189013224-0125-s_lc.fits,Confirmed single-planet host in NASA Exoplanet Archive TOI table with SPOC 120s cadence data,NASA Exoplanet Archive TOI Table (TOI-426.01),Qualified single-planet host system (GATE-06 / GATE-08)
TOI-431,31374837,confirmed_planet_host,5,True,TOI-431 c,TOI-431.01,12.4610086,1.32e-05,2458440.630295,0.000482,3.3195777,0.0916928,2078.1425981,8.1705,83.26925,-26.72387,mast:TESS/product/tess2018319095959-s0005-0000000031374837-0125-s_lc.fits,Confirmed single-planet host in NASA Exoplanet Archive TOI table with SPOC 120s cadence data,NASA Exoplanet Archive TOI Table (TOI-431.01),Qualified single-planet host system (GATE-06 / GATE-08)
HATS-43,78055054,confirmed_planet_host,5,True,HATS-43 b,TOI-434.01,4.3888516,3.3e-06,2459198.519993,0.001546,3.0184015,0.0361286,24964.547823,12.8461,80.538242,-30.970818,mast:TESS/product/tess2018319095959-s0005-0000000078055054-0125-s_lc.fits,Confirmed single-planet host in NASA Exoplanet Archive TOI table with SPOC 120s cadence data,NASA Exoplanet Archive TOI Table (TOI-434.01),Qualified single-planet host system (GATE-06 / GATE-08)
nan,44647437,confirmed_planet_host,5,True,nan,TOI-435.01,3.352907,1.42e-05,2458411.844766,0.001728,2.3906731,0.1538245,4205.1961016,12.9383,59.410574,-25.189938,mast:TESS/product/tess2018319095959-s0005-0000000044647437-0125-s_lc.fits,Confirmed single-planet host in NASA Exoplanet Archive TOI table with SPOC 120s cadence data,NASA Exoplanet Archive TOI Table (TOI-435.01),Qualified single-planet host system (GATE-06 / GATE-08)
HATS-44,32499655,confirmed_planet_host,5,True,HATS-44 b,TOI-437.01,2.7439029,4.3e-06,2459197.575826,0.001283,1.503168,0.059521,13852.3979585,13.5452,84.326756,-27.972576,mast:TESS/product/tess2018319095959-s0005-0000000032499655-0125-s_lc.fits,Confirmed single-planet host in NASA Exoplanet Archive TOI table with SPOC 120s cadence data,NASA Exoplanet Archive TOI Table (TOI-437.01),Qualified single-planet host system (GATE-06 / GATE-08)
WASP-61,13021029,confirmed_planet_host,5,True,WASP-61 b,TOI-439.01,3.85589,3.3e-06,2459175.599762,0.000767,3.9555399,0.0487446,9747.6035597,11.7231,75.299664,-26.054144,mast:TESS/product/tess2018319095959-s0005-0000000013021029-0125-s_lc.fits,Confirmed single-planet host in NASA Exoplanet Archive TOI table with SPOC 120s cadence data,NASA Exoplanet Archive TOI Table (TOI-439.01),Qualified single-planet host system (GATE-06 / GATE-08)
TIC 197712257,197712257,control_star,1,False,,,,,,,,,,,330.268766621585,-41.1016815972311,mast:TESS/product/tess2018206045859-s0001-0000000197712257-0120-s_lc.fits,Field star observed in SPOC 120s cadence; zero TOI or confirmed exoplanet records,N/A (Observational Control),Observational non-detection control star (not claimed planet-free; BDR-005)
TIC 265591866,265591866,control_star,1,False,,,,,,,,,,,331.979404951684,-59.8749106526371,mast:TESS/product/tess2018206045859-s0001-0000000265591866-0120-s_lc.fits,Field star observed in SPOC 120s cadence; zero TOI or confirmed exoplanet records,N/A (Observational Control),Observational non-detection control star (not claimed planet-free; BDR-005)
TIC 277891181,277891181,control_star,1,False,,,,,,,,,,,353.626613510637,-76.9358484373617,mast:TESS/product/tess2018206045859-s0001-0000000277891181-0120-s_lc.fits,Field star observed in SPOC 120s cadence; zero TOI or confirmed exoplanet records,N/A (Observational Control),Observational non-detection control star (not claimed planet-free; BDR-005)
TIC 306573321,306573321,control_star,1,False,,,,,,,,,,,118.978578370363,-70.8896376566965,mast:TESS/product/tess2018206045859-s0001-0000000306573321-0120-s_lc.fits,Field star observed in SPOC 120s cadence; zero TOI or confirmed exoplanet records,N/A (Observational Control),Observational non-detection control star (not claimed planet-free; BDR-005)
TIC 370041901,370041901,control_star,1,False,,,,,,,,,,,66.0712678785523,-68.2837629653083,mast:TESS/product/tess2018206045859-s0001-0000000370041901-0120-s_lc.fits,Field star observed in SPOC 120s cadence; zero TOI or confirmed exoplanet records,N/A (Observational Control),Observational non-detection control star (not claimed planet-free; BDR-005)
TIC 38610352,38610352,control_star,1,False,,,,,,,,,,,64.7253107524988,-64.5911620760008,mast:TESS/product/tess2018206045859-s0001-0000000038610352-0120-s_lc.fits,Field star observed in SPOC 120s cadence; zero TOI or confirmed exoplanet records,N/A (Observational Control),Observational non-detection control star (not claimed planet-free; BDR-005)
TIC 238877488,238877488,control_star,1,False,,,,,,,,,,,39.5785920752632,-72.8664288850683,mast:TESS/product/tess2018206045859-s0001-0000000238877488-0120-s_lc.fits,Field star observed in SPOC 120s cadence; zero TOI or confirmed exoplanet records,N/A (Observational Control),Observational non-detection control star (not claimed planet-free; BDR-005)
TIC 150358170,150358170,control_star,1,False,,,,,,,,,,,96.0208236550298,-62.3828234928443,mast:TESS/product/tess2018206045859-s0001-0000000150358170-0120-s_lc.fits,Field star observed in SPOC 120s cadence; zero TOI or confirmed exoplanet records,N/A (Observational Control),Observational non-detection control star (not claimed planet-free; BDR-005)
TIC 25065358,25065358,control_star,1,False,,,,,,,,,,,60.324885337765,-67.1503048547166,mast:TESS/product/tess2018206045859-s0001-0000000025065358-0120-s_lc.fits,Field star observed in SPOC 120s cadence; zero TOI or confirmed exoplanet records,N/A (Observational Control),Observational non-detection control star (not claimed planet-free; BDR-005)
TIC 165096948,165096948,control_star,1,False,,,,,,,,,,,322.730544725985,-38.513711364167,mast:TESS/product/tess2018206045859-s0001-0000000165096948-0120-s_lc.fits,Field star observed in SPOC 120s cadence; zero TOI or confirmed exoplanet records,N/A (Observational Control),Observational non-detection control star (not claimed planet-free; BDR-005)
TIC 206365300,206365300,control_star,2,False,,,,,,,,,,,357.245461554352,-52.8292970117766,mast:TESS/product/tess2018234235059-s0002-0000000206365300-0121-s_lc.fits,Field star observed in SPOC 120s cadence; zero TOI or confirmed exoplanet records,N/A (Observational Control),Observational non-detection control star (not claimed planet-free; BDR-005)
TIC 116157661,116157661,control_star,2,False,,,,,,,,,,,7.66502380731802,-38.1657393763138,mast:TESS/product/tess2018234235059-s0002-0000000116157661-0121-s_lc.fits,Field star observed in SPOC 120s cadence; zero TOI or confirmed exoplanet records,N/A (Observational Control),Observational non-detection control star (not claimed planet-free; BDR-005)
TIC 220393258,220393258,control_star,2,False,,,,,,,,,,,68.4915180818558,-56.0777819320344,mast:TESS/product/tess2018234235059-s0002-0000000220393258-0121-s_lc.fits,Field star observed in SPOC 120s cadence; zero TOI or confirmed exoplanet records,N/A (Observational Control),Observational non-detection control star (not claimed planet-free; BDR-005)
TIC 38823112,38823112,control_star,2,False,,,,,,,,,,,7.57717226657961,-67.9754833717091,mast:TESS/product/tess2018234235059-s0002-0000000038823112-0121-s_lc.fits,Field star observed in SPOC 120s cadence; zero TOI or confirmed exoplanet records,N/A (Observational Control),Observational non-detection control star (not claimed planet-free; BDR-005)
TIC 38759751,38759751,control_star,2,False,,,,,,,,,,,66.9417858627259,-62.5212021068089,mast:TESS/product/tess2018234235059-s0002-0000000038759751-0121-s_lc.fits,Field star observed in SPOC 120s cadence; zero TOI or confirmed exoplanet records,N/A (Observational Control),Observational non-detection control star (not claimed planet-free; BDR-005)
TIC 12417837,12417837,control_star,2,False,,,,,,,,,,,1.78133821998565,-27.5509825697618,mast:TESS/product/tess2018234235059-s0002-0000000012417837-0121-s_lc.fits,Field star observed in SPOC 120s cadence; zero TOI or confirmed exoplanet records,N/A (Observational Control),Observational non-detection control star (not claimed planet-free; BDR-005)
TIC 350094542,350094542,control_star,2,False,,,,,,,,,,,115.159879653344,-64.5747159270683,mast:TESS/product/tess2018234235059-s0002-0000000350094542-0121-s_lc.fits,Field star observed in SPOC 120s cadence; zero TOI or confirmed exoplanet records,N/A (Observational Control),Observational non-detection control star (not claimed planet-free; BDR-005)
TIC 66473443,66473443,control_star,2,False,,,,,,,,,,,355.736254832688,-18.8519617876504,mast:TESS/product/tess2018234235059-s0002-0000000066473443-0121-s_lc.fits,Field star observed in SPOC 120s cadence; zero TOI or confirmed exoplanet records,N/A (Observational Control),Observational non-detection control star (not claimed planet-free; BDR-005)
TIC 47338708,47338708,control_star,2,False,,,,,,,,,,,340.795960344736,-28.1512522115672,mast:TESS/product/tess2018234235059-s0002-0000000047338708-0121-s_lc.fits,Field star observed in SPOC 120s cadence; zero TOI or confirmed exoplanet records,N/A (Observational Control),Observational non-detection control star (not claimed planet-free; BDR-005)
TIC 308663672,308663672,control_star,2,False,,,,,,,,,,,121.758023328451,-65.4862780834714,mast:TESS/product/tess2018234235059-s0002-0000000308663672-0121-s_lc.fits,Field star observed in SPOC 120s cadence; zero TOI or confirmed exoplanet records,N/A (Observational Control),Observational non-detection control star (not claimed planet-free; BDR-005)
TIC 29928623,29928623,control_star,3,False,,,,,,,,,,,24.8088992436059,-17.5997317173042,mast:TESS/product/tess2018263035959-s0003-0000000029928623-0123-s_lc.fits,Field star observed in SPOC 120s cadence; zero TOI or confirmed exoplanet records,N/A (Observational Control),Observational non-detection control star (not claimed planet-free; BDR-005)
TIC 11555687,11555687,control_star,3,False,,,,,,,,,,,19.2827469274497,-24.6098644326825,mast:TESS/product/tess2018263035959-s0003-0000000011555687-0123-s_lc.fits,Field star observed in SPOC 120s cadence; zero TOI or confirmed exoplanet records,N/A (Observational Control),Observational non-detection control star (not claimed planet-free; BDR-005)
TIC 167892002,167892002,control_star,3,False,,,,,,,,,,,105.4280719862,-61.6039806863519,mast:TESS/product/tess2018263035959-s0003-0000000167892002-0123-s_lc.fits,Field star observed in SPOC 120s cadence; zero TOI or confirmed exoplanet records,N/A (Observational Control),Observational non-detection control star (not claimed planet-free; BDR-005)
TIC 167459539,167459539,control_star,3,False,,,,,,,,,,,17.9482142209923,-16.3766671563591,mast:TESS/product/tess2018263035959-s0003-0000000167459539-0123-s_lc.fits,Field star observed in SPOC 120s cadence; zero TOI or confirmed exoplanet records,N/A (Observational Control),Observational non-detection control star (not claimed planet-free; BDR-005)
TIC 10786436,10786436,control_star,3,False,,,,,,,,,,,19.9663303310415,-9.97562955935322,mast:TESS/product/tess2018263035959-s0003-0000000010786436-0123-s_lc.fits,Field star observed in SPOC 120s cadence; zero TOI or confirmed exoplanet records,N/A (Observational Control),Observational non-detection control star (not claimed planet-free; BDR-005)
TIC 206403094,206403094,control_star,3,False,,,,,,,,,,,54.9783017211259,-51.6869547211214,mast:TESS/product/tess2018263035959-s0003-0000000206403094-0123-s_lc.fits,Field star observed in SPOC 120s cadence; zero TOI or confirmed exoplanet records,N/A (Observational Control),Observational non-detection control star (not claimed planet-free; BDR-005)
TIC 38459395,38459395,control_star,3,False,,,,,,,,,,,60.9298410074047,-62.0990506434319,mast:TESS/product/tess2018263035959-s0003-0000000038459395-0123-s_lc.fits,Field star observed in SPOC 120s cadence; zero TOI or confirmed exoplanet records,N/A (Observational Control),Observational non-detection control star (not claimed planet-free; BDR-005)
TIC 270314420,270314420,control_star,3,False,,,,,,,,,,,20.1819314970693,-47.6322231935511,mast:TESS/product/tess2018263035959-s0003-0000000270314420-0123-s_lc.fits,Field star observed in SPOC 120s cadence; zero TOI or confirmed exoplanet records,N/A (Observational Control),Observational non-detection control star (not claimed planet-free; BDR-005)
TIC 382518318,382518318,control_star,3,False,,,,,,,,,,,117.543833163499,-64.7716817014044,mast:TESS/product/tess2018263035959-s0003-0000000382518318-0123-s_lc.fits,Field star observed in SPOC 120s cadence; zero TOI or confirmed exoplanet records,N/A (Observational Control),Observational non-detection control star (not claimed planet-free; BDR-005)
TIC 200805827,200805827,control_star,3,False,,,,,,,,,,,53.0571956284074,-49.8178203718098,mast:TESS/product/tess2018263035959-s0003-0000000200805827-0123-s_lc.fits,Field star observed in SPOC 120s cadence; zero TOI or confirmed exoplanet records,N/A (Observational Control),Observational non-detection control star (not claimed planet-free; BDR-005)
TIC 278988418,278988418,control_star,4,False,,,,,,,,,,,101.825134696297,-57.1640803055925,mast:TESS/product/tess2018292075959-s0004-0000000278988418-0124-s_lc.fits,Field star observed in SPOC 120s cadence; zero TOI or confirmed exoplanet records,N/A (Observational Control),Observational non-detection control star (not claimed planet-free; BDR-005)
TIC 144180221,144180221,control_star,4,False,,,,,,,,,,,61.4300309048125,-43.3091128212557,mast:TESS/product/tess2018292075959-s0004-0000000144180221-0124-s_lc.fits,Field star observed in SPOC 120s cadence; zero TOI or confirmed exoplanet records,N/A (Observational Control),Observational non-detection control star (not claimed planet-free; BDR-005)
TIC 30015109,30015109,control_star,4,False,,,,,,,,,,,42.8195910125826,-14.6745988249887,mast:TESS/product/tess2018292075959-s0004-0000000030015109-0124-s_lc.fits,Field star observed in SPOC 120s cadence; zero TOI or confirmed exoplanet records,N/A (Observational Control),Observational non-detection control star (not claimed planet-free; BDR-005)
TIC 149474494,149474494,control_star,4,False,,,,,,,,,,,85.1918400625779,-63.4580625936017,mast:TESS/product/tess2018292075959-s0004-0000000149474494-0124-s_lc.fits,Field star observed in SPOC 120s cadence; zero TOI or confirmed exoplanet records,N/A (Observational Control),Observational non-detection control star (not claimed planet-free; BDR-005)
TIC 149572067,149572067,control_star,4,False,,,,,,,,,,,86.4376915248864,-62.1814048060451,mast:TESS/product/tess2018292075959-s0004-0000000149572067-0124-s_lc.fits,Field star observed in SPOC 120s cadence; zero TOI or confirmed exoplanet records,N/A (Observational Control),Observational non-detection control star (not claimed planet-free; BDR-005)
TIC 279091008,279091008,control_star,4,False,,,,,,,,,,,102.946525159773,-59.3939410746337,mast:TESS/product/tess2018292075959-s0004-0000000279091008-0124-s_lc.fits,Field star observed in SPOC 120s cadence; zero TOI or confirmed exoplanet records,N/A (Observational Control),Observational non-detection control star (not claimed planet-free; BDR-005)
TIC 89238418,89238418,control_star,4,False,,,,,,,,,,,58.2829394044896,-25.3231882436917,mast:TESS/product/tess2018292075959-s0004-0000000089238418-0124-s_lc.fits,Field star observed in SPOC 120s cadence; zero TOI or confirmed exoplanet records,N/A (Observational Control),Observational non-detection control star (not claimed planet-free; BDR-005)
TIC 49908357,49908357,control_star,4,False,,,,,,,,,,,49.2468348173068,-3.26518454824181,mast:TESS/product/tess2018292075959-s0004-0000000049908357-0124-s_lc.fits,Field star observed in SPOC 120s cadence; zero TOI or confirmed exoplanet records,N/A (Observational Control),Observational non-detection control star (not claimed planet-free; BDR-005)
TIC 65483193,65483193,control_star,4,False,,,,,,,,,,,42.9818304341432,-27.0413361393694,mast:TESS/product/tess2018292075959-s0004-0000000065483193-0124-s_lc.fits,Field star observed in SPOC 120s cadence; zero TOI or confirmed exoplanet records,N/A (Observational Control),Observational non-detection control star (not claimed planet-free; BDR-005)
TIC 197891489,197891489,control_star,4,False,,,,,,,,,,,57.8657225247721,-58.8638089189736,mast:TESS/product/tess2018292075959-s0004-0000000197891489-0124-s_lc.fits,Field star observed in SPOC 120s cadence; zero TOI or confirmed exoplanet records,N/A (Observational Control),Observational non-detection control star (not claimed planet-free; BDR-005)
TIC 219145683,219145683,control_star,5,False,,,,,,,,,,,89.5107886049215,-52.2043013497743,mast:TESS/product/tess2018319095959-s0005-0000000219145683-0125-s_lc.fits,Field star observed in SPOC 120s cadence; zero TOI or confirmed exoplanet records,N/A (Observational Control),Observational non-detection control star (not claimed planet-free; BDR-005)
TIC 401946845,401946845,control_star,5,False,,,,,,,,,,,57.8321200894317,-3.52225055598736,mast:TESS/product/tess2018319095959-s0005-0000000401946845-0125-s_lc.fits,Field star observed in SPOC 120s cadence; zero TOI or confirmed exoplanet records,N/A (Observational Control),Observational non-detection control star (not claimed planet-free; BDR-005)
TIC 9458628,9458628,control_star,5,False,,,,,,,,,,,73.7768272197138,-11.6390377823763,mast:TESS/product/tess2018319095959-s0005-0000000009458628-0125-s_lc.fits,Field star observed in SPOC 120s cadence; zero TOI or confirmed exoplanet records,N/A (Observational Control),Observational non-detection control star (not claimed planet-free; BDR-005)
TIC 407963329,407963329,control_star,5,False,,,,,,,,,,,60.4110820476404,6.22586887398865,mast:TESS/product/tess2018319095959-s0005-0000000407963329-0125-s_lc.fits,Field star observed in SPOC 120s cadence; zero TOI or confirmed exoplanet records,N/A (Observational Control),Observational non-detection control star (not claimed planet-free; BDR-005)
TIC 300378592,300378592,control_star,5,False,,,,,,,,,,,110.873441542576,-68.6830313779481,mast:TESS/product/tess2018319095959-s0005-0000000300378592-0125-s_lc.fits,Field star observed in SPOC 120s cadence; zero TOI or confirmed exoplanet records,N/A (Observational Control),Observational non-detection control star (not claimed planet-free; BDR-005)
TIC 354572272,354572272,control_star,5,False,,,,,,,,,,,85.2778734383703,-42.7588486639291,mast:TESS/product/tess2018319095959-s0005-0000000354572272-0125-s_lc.fits,Field star observed in SPOC 120s cadence; zero TOI or confirmed exoplanet records,N/A (Observational Control),Observational non-detection control star (not claimed planet-free; BDR-005)
TIC 43846130,43846130,control_star,5,False,,,,,,,,,,,77.8325179074315,-8.62387226587571,mast:TESS/product/tess2018319095959-s0005-0000000043846130-0125-s_lc.fits,Field star observed in SPOC 120s cadence; zero TOI or confirmed exoplanet records,N/A (Observational Control),Observational non-detection control star (not claimed planet-free; BDR-005)
TIC 44669966,44669966,control_star,5,False,,,,,,,,,,,59.9023870172258,-29.338828865761,mast:TESS/product/tess2018319095959-s0005-0000000044669966-0125-s_lc.fits,Field star observed in SPOC 120s cadence; zero TOI or confirmed exoplanet records,N/A (Observational Control),Observational non-detection control star (not claimed planet-free; BDR-005)
TIC 200376190,200376190,control_star,5,False,,,,,,,,,,,77.8372803367933,-44.9565778826017,mast:TESS/product/tess2018319095959-s0005-0000000200376190-0125-s_lc.fits,Field star observed in SPOC 120s cadence; zero TOI or confirmed exoplanet records,N/A (Observational Control),Observational non-detection control star (not claimed planet-free; BDR-005)
TIC 271889486,271889486,control_star,5,False,,,,,,,,,,,112.617974291598,-75.774003753982,mast:TESS/product/tess2018319095959-s0005-0000000271889486-0125-s_lc.fits,Field star observed in SPOC 120s cadence; zero TOI or confirmed exoplanet records,N/A (Observational Control),Observational non-detection control star (not claimed planet-free; BDR-005)
