target_name,tic_id,category,sector,cadence_sec,pipeline,flux_column,tstart_btjd,tstop_btjd,duration_days,n_raw_cadences,n_usable_cadences,n_quality_rejected,usable_cadence_fraction,gap_count,max_gap_days,is_strictly_increasing,n_nan_time_filtered,n_nan_flux_filtered,n_inf_flux_filtered,overlaps_predicted_transit,n_predicted_transit_windows,n_windows_with_cadences,n_windows_full_coverage,n_windows_zero_cadence,is_visually_apparent,fits_filename,file_size_bytes,sha256,download_source,retrieval_date,qa_passed,planet_name,toi_id,period_days,period_err,t0_bjd,t0_err,duration_hours,duration_err,depth_ppm,ephemeris_source,selection_rationale,acquisition_status,exclusion_reason
WASP-126,25155310,confirmed_planet_host,1,120.00058557896408,NASA/Ames,pdcsap_flux,1325.294542647187,1353.178003815225,27.88346116803814,20076,18278,1798,0.9104403267583184,1,1.1347250218814224,True,0,0,0,True,8,8,8,0,True,tess2018206045859-s0001-0000000025155310-0120-s_lc.fits,2039040,12ddd623b04bdd354f27b5c89287b3a25a800d65cdf2733a1d0d04ab98e2d790,NASA MAST (SPOC Pipeline),2026-09-30,True,WASP-126 b,TOI-114.01,3.2887898,3e-07,2458327.519958,6.1e-05,3.4367717,0.0099877,7005.7247902,NASA Exoplanet Archive TOI Table (TOI-114.01),Confirmed single-planet host in NASA Exoplanet Archive TOI table with SPOC 120s cadence data,acquired_and_validated,
WASP-94 A,92352620,confirmed_planet_host,1,119.99874485409237,NASA/Ames,pdcsap_flux,1325.299228656174,1353.166829229369,27.867600573194977,20076,18181,1895,0.90560868698944,1,1.134704403330943,True,0,0,0,True,7,7,6,0,True,tess2018206045859-s0001-0000000092352620-0120-s_lc.fits,2039040,32cd51c56f4d6449df0ee6699bdb23ace33f9ee1b3f134faaa778e574958f623,NASA MAST (SPOC Pipeline),2026-09-30,True,WASP-94 A b,TOI-107.01,3.9502008,2.6e-06,2460176.993334,0.000449,4.444,0.046,13914.0,NASA Exoplanet Archive TOI Table (TOI-107.01),Confirmed single-planet host in NASA Exoplanet Archive TOI table with SPOC 120s cadence data,acquired_and_validated,
WASP-124,97409519,confirmed_planet_host,1,120.0020036791102,NASA/Ames,pdcsap_flux,1325.298818572863,1353.182456284154,27.88363771129093,20076,17477,2599,0.8705419406256226,2,1.1347374592287451,True,0,0,0,True,8,8,8,0,True,tess2018206045859-s0001-0000000097409519-0120-s_lc.fits,2039040,29e9b7a3289f66231c1cf69896e8d5908120fb0f3b2150ed532fdd6ee25174b4,NASA MAST (SPOC Pipeline),2026-09-30,True,WASP-124 b,TOI-113.01,3.372877,0.000147,2458327.053085,0.000623,2.63426,0.043644,17163.60419,NASA Exoplanet Archive TOI Table (TOI-113.01),Confirmed single-planet host in NASA Exoplanet Archive TOI table with SPOC 120s cadence data,acquired_and_validated,
WASP-95,144065872,confirmed_planet_host,1,120.0009174826846,NASA/Ames,pdcsap_flux,1325.298208273829,1353.181641685543,27.88343341171389,20076,18276,1800,0.9103407053197848,1,1.134727215611747,True,0,0,0,True,13,13,11,0,True,tess2018206045859-s0001-0000000144065872-0120-s_lc.fits,2039040,a175f9d7d95fdbf1badf827d6f16781c6244b9fb2725bf53dd67f2ec0b5d455f,NASA MAST (SPOC Pipeline),2026-09-30,True,WASP-95 b,TOI-105.01,2.1846669,1e-07,2460904.412675,9.3e-05,2.6989102,0.1819118,11535.5475157,NASA Exoplanet Archive TOI Table (TOI-105.01),Confirmed single-planet host in NASA Exoplanet Archive TOI table with SPOC 120s cadence data,acquired_and_validated,
WASP-62,149603524,confirmed_planet_host,1,120.0005903330748,NASA/Ames,pdcsap_flux,1325.293494830635,1353.176946529141,27.883451698506175,20076,18278,1798,0.9104403267583184,1,1.1347239728047498,True,0,0,0,True,7,6,5,1,True,tess2018206045859-s0001-0000000149603524-0120-s_lc.fits,2039040,e28e4e84b0fa99bfb68bf1fcef32b5e3b8265c7c206b335600f5da0e14fdc766,NASA MAST (SPOC Pipeline),2026-09-30,True,WASP-62 b,TOI-102.01,4.4119372,2.3e-06,2460982.065462,0.000897,3.6321285,0.2222028,14711.8810303,NASA Exoplanet Archive TOI Table (TOI-102.01),Confirmed single-planet host in NASA Exoplanet Archive TOI table with SPOC 120s cadence data,acquired_and_validated,
WASP-46,231663901,confirmed_planet_host,1,119.99810118286403,NASA/Ames,pdcsap_flux,1325.298263953462,1353.181062710752,27.882798757289947,20076,18276,1800,0.9103407053197848,1,1.1346992372846216,True,0,0,0,True,20,19,17,1,True,tess2018206045859-s0001-0000000231663901-0120-s_lc.fits,2039040,9c59e545b60333877c5528012726adecbabf95e3e3aba1bfce91f297eabc5060,NASA MAST (SPOC Pipeline),2026-09-30,True,WASP-46 b,TOI-101.01,1.4303699,8e-07,2458326.009117,0.000132,1.6165994,0.0192089,18960.7122944,NASA Exoplanet Archive TOI Table (TOI-101.01),Confirmed single-planet host in NASA Exoplanet Archive TOI table with SPOC 120s cadence data,acquired_and_validated,
WASP-73,231670397,confirmed_planet_host,1,119.9981011239288,NASA/Ames,pdcsap_flux,1325.298112813778,1353.180916419999,27.88280360622093,20076,18277,1799,0.9103905160390516,1,1.134699257308057,True,0,0,0,True,7,7,6,0,False,tess2018206045859-s0001-0000000231670397-0120-s_lc.fits,2039040,92258d48f363f69995e9522a48b5bd39ec3bdc9f2493e69393cb6a7260ba704c,NASA MAST (SPOC Pipeline),2026-09-30,True,WASP-73 b,TOI-104.01,4.0872956,2.3e-06,2460150.608677,0.000682,5.586113,0.0508755,3572.1712499,NASA Exoplanet Archive TOI Table (TOI-104.01),Confirmed single-planet host in NASA Exoplanet Archive TOI table with SPOC 120s cadence data,acquired_and_validated,
WASP-91,238176110,confirmed_planet_host,1,119.999549556087,NASA/Ames,pdcsap_flux,1325.296602855906,1353.179802503093,27.883199647186984,20076,18276,1800,0.9103407053197848,1,1.1347151042273254,True,0,0,0,True,10,10,9,0,True,tess2018206045859-s0001-0000000238176110-0120-s_lc.fits,2039040,51399ff4fdae37760c8d3679980dac1966b12bf825b8ae860d8ffc16de6879ba,NASA MAST (SPOC Pipeline),2026-09-30,True,WASP-91 b,TOI-116.01,2.7985802,3e-07,2458326.688916,7.4e-05,2.3801043,0.0129933,16708.7151957,NASA Exoplanet Archive TOI Table (TOI-116.01),Confirmed single-planet host in NASA Exoplanet Archive TOI table with SPOC 120s cadence data,acquired_and_validated,
HATS-3,336732616,confirmed_planet_host,1,119.99910689337412,NASA/Ames,pdcsap_flux,1325.299407246591,1353.167067091948,27.86765984535691,20076,18182,1894,0.9056584977087068,1,1.1347076736701638,True,0,0,0,True,8,8,7,0,True,tess2018206045859-s0001-0000000336732616-0120-s_lc.fits,2039040,6b78bcbf84f01fcbe0f2efa2aadb936c27a958133125a419dc26e84d0ab8f192,NASA MAST (SPOC Pipeline),2026-09-30,True,HATS-3 b,TOI-103.01,3.547854,0.000149,2458327.25256,0.000586,3.494333,0.049205,10424.3718,NASA Exoplanet Archive TOI Table (TOI-103.01),Confirmed single-planet host in NASA Exoplanet Archive TOI table with SPOC 120s cadence data,acquired_and_validated,
TIC 25065358,25065358,control_star,1,120.00105835759314,NASA/Ames,pdcsap_flux,1325.294530201225,1353.17810027731,27.883570076085107,20076,18277,1799,0.9103905160390516,1,1.1347298170285285,True,0,0,0,False,0,0,0,0,False,tess2018206045859-s0001-0000000025065358-0120-s_lc.fits,2039040,d4aeeca5db2b9eca060c8c6c2efd4c2f09dcb31f5dedbaf56312e293e41812f9,NASA MAST (SPOC Pipeline),2026-09-30,True,,,,,,,,,,N/A (Observational Control),Field star observed in SPOC 120s cadence; zero TOI or confirmed exoplanet records,acquired_and_validated,
TIC 38610352,38610352,control_star,1,120.00145063066157,NASA/Ames,pdcsap_flux,1325.294238112272,1353.177896476224,27.88365836395201,20076,17687,2389,0.8810021916716477,1,1.1347335242162444,True,0,0,0,False,0,0,0,0,False,tess2018206045859-s0001-0000000038610352-0120-s_lc.fits,2039040,02a55d215da481cc8a464bf88622153054f38bc1c60ee88e6bd905ad881b8a4d,NASA MAST (SPOC Pipeline),2026-09-30,True,,,,,,,,,,N/A (Observational Control),Field star observed in SPOC 120s cadence; zero TOI or confirmed exoplanet records,acquired_and_validated,
TIC 150358170,150358170,control_star,1,120.00017821846996,NASA/Ames,pdcsap_flux,1325.293143737609,1353.176515428511,27.88337169090209,20076,18279,1797,0.9104901374775852,1,1.1347202692259089,True,0,0,0,False,0,0,0,0,False,tess2018206045859-s0001-0000000150358170-0120-s_lc.fits,2039040,3f238f22047beaea796f955b29b63195a0d02a86e446da6729ae7d08b7381375,NASA MAST (SPOC Pipeline),2026-09-30,True,,,,,,,,,,N/A (Observational Control),Field star observed in SPOC 120s cadence; zero TOI or confirmed exoplanet records,acquired_and_validated,
TIC 165096948,165096948,control_star,1,119.99987130329828,NASA/Ames,pdcsap_flux,1325.298948823865,1353.182094085772,27.88314526190697,20076,18154,1922,0.9042637975692368,1,1.1347156439287571,True,0,0,0,False,0,0,0,0,False,tess2018206045859-s0001-0000000165096948-0120-s_lc.fits,2039040,74a972ca4763bcf29ed6ebcb4ce6d2b053b89048d5f2754889706f31474be777,NASA MAST (SPOC Pipeline),2026-09-30,True,,,,,,,,,,N/A (Observational Control),Field star observed in SPOC 120s cadence; zero TOI or confirmed exoplanet records,acquired_and_validated,
TIC 197712257,197712257,control_star,1,120.00071631700848,NASA/Ames,pdcsap_flux,1325.298666096265,1353.182023192148,27.883357095883184,20076,18064,2012,0.8997808328352261,1,1.1347245534261674,True,0,0,0,False,0,0,0,0,False,tess2018206045859-s0001-0000000197712257-0120-s_lc.fits,2039040,85332b3d74f7ec858d6230e693e7985de6b7cabbe26926658d829261b034799e,NASA MAST (SPOC Pipeline),2026-09-30,True,,,,,,,,,,N/A (Observational Control),Field star observed in SPOC 120s cadence; zero TOI or confirmed exoplanet records,acquired_and_validated,
TIC 238877488,238877488,control_star,1,119.99996182785252,NASA/Ames,pdcsap_flux,1325.295375427796,1353.178714855792,27.883339427995907,20076,18274,1802,0.9102410838812512,1,1.1347202469905824,True,0,0,0,False,0,0,0,0,False,tess2018206045859-s0001-0000000238877488-0120-s_lc.fits,2039040,9f54bc75c320f40d9c9370e98fa1a26951423cbf248285ac3995325d771b7513,NASA MAST (SPOC Pipeline),2026-09-30,True,,,,,,,,,,N/A (Observational Control),Field star observed in SPOC 120s cadence; zero TOI or confirmed exoplanet records,acquired_and_validated,
TIC 265591866,265591866,control_star,1,119.99914710686426,NASA/Ames,pdcsap_flux,1325.297798810778,1353.180849564166,27.883050753388037,20076,18274,1802,0.9102410838812512,1,1.1347097579700858,True,0,0,0,False,0,0,0,0,False,tess2018206045859-s0001-0000000265591866-0120-s_lc.fits,2039040,7aeca9679d5d3f311d9d29b9111369ce0b951eee0d73dc4b48bfacaa38ab4759,NASA MAST (SPOC Pipeline),2026-09-30,True,,,,,,,,,,N/A (Observational Control),Field star observed in SPOC 120s cadence; zero TOI or confirmed exoplanet records,acquired_and_validated,
TIC 277891181,277891181,control_star,1,119.9983625607274,NASA/Ames,pdcsap_flux,1325.296361278746,1353.179299534421,27.88293825567507,20076,18276,1800,0.9103407053197848,1,1.1347033914489657,True,0,0,0,False,0,0,0,0,False,tess2018206045859-s0001-0000000277891181-0120-s_lc.fits,2039040,48f95fc3d5b1951014f6247852937c9282c837f9a14beb29ce15e271d39c9a11,NASA MAST (SPOC Pipeline),2026-09-30,True,,,,,,,,,,N/A (Observational Control),Field star observed in SPOC 120s cadence; zero TOI or confirmed exoplanet records,acquired_and_validated,
TIC 306573321,306573321,control_star,1,119.99781792037538,NASA/Ames,pdcsap_flux,1325.29369641709,1353.176504130647,27.882807713556986,20076,18278,1798,0.9104403267583184,1,1.134695837986328,True,0,0,0,False,0,0,0,0,False,tess2018206045859-s0001-0000000306573321-0120-s_lc.fits,2039040,474d88615b1eacb3d2e19f5bad584975bd049580600994040fae4de5030d9134,NASA MAST (SPOC Pipeline),2026-09-30,True,,,,,,,,,,N/A (Observational Control),Field star observed in SPOC 120s cadence; zero TOI or confirmed exoplanet records,acquired_and_validated,
TIC 370041901,370041901,control_star,1,120.00070639624028,NASA/Ames,pdcsap_flux,1325.294407802854,1353.177895085585,27.88348728273104,20076,18276,1800,0.9103407053197848,1,1.1347260849279337,True,0,0,0,False,0,0,0,0,False,tess2018206045859-s0001-0000000370041901-0120-s_lc.fits,2039040,7eebde94b6248dd748dc39bdf1d24f07e6518e09821d7f141f842303e3fd301b,NASA MAST (SPOC Pipeline),2026-09-30,True,,,,,,,,,,N/A (Observational Control),Field star observed in SPOC 120s cadence; zero TOI or confirmed exoplanet records,acquired_and_validated,
TOI-198,12421862,confirmed_planet_host,2,120.00164244527696,NASA/Ames,pdcsap_flux,1354.112447412229,1381.519637077359,27.40718966513009,19737,18297,1440,0.9270405836753306,1,1.448629054093999,True,0,0,0,True,3,3,3,0,False,tess2018234235059-s0002-0000000012421862-0121-s_lc.fits,2004480,ed253793799c7092295651eebb246384765f225f3e87e33d113d98b0db328754,NASA MAST (SPOC Pipeline),2026-09-30,True,TOI-198 b,TOI-198.01,10.2152025,2.29e-05,2458356.371864,0.00187,2.3476219,0.7192707,960.5475682,NASA Exoplanet Archive TOI Table (TOI-198.01),Expansion single-planet host in NASA Exoplanet Archive TOI table with SPOC 120s cadence data,acquired_and_validated,
TOI-209,52204645,confirmed_planet_host,2,119.9983635233366,NASA/Ames,pdcsap_flux,1354.110097281676,1381.516664857553,27.406567575877038,19737,18106,1631,0.9173633277600446,1,1.4485897539111647,True,0,0,0,True,6,6,6,0,False,tess2018234235059-s0002-0000000052204645-0121-s_lc.fits,2004480,3dfc035bff22e9a3cacc7cae3de3dad4bf87d3043872486760e65b6b682e9028,NASA MAST (SPOC Pipeline),2026-09-30,True,TOI-209 b,TOI-209.01,4.3794298,7e-06,2458325.884839,0.000996,1.6639354,0.3168304,969.6957616,NASA Exoplanet Archive TOI Table (TOI-209.01),Expansion single-planet host in NASA Exoplanet Archive TOI table with SPOC 120s cadence data,acquired_and_validated,
TOI-125,52368076,confirmed_planet_host,2,119.99860488285776,NASA/Ames,pdcsap_flux,1354.109984856839,1381.516615460203,27.406630603363965,19737,18298,1439,0.9270912499366672,1,1.448593163715941,True,0,0,0,True,6,6,5,0,False,tess2018234235059-s0002-0000000052368076-0121-s_lc.fits,2004480,dfe97448caf7ad1329c9cd48f0f498e55b04e58f980f265f87f8a34e0020fbed,NASA MAST (SPOC Pipeline),2026-09-30,True,TOI-125 d,TOI-125.01,4.6517186,8.3e-06,2460206.744249,0.001979,2.709,0.921,978.0,NASA Exoplanet Archive TOI Table (TOI-125.01),Confirmed single-planet host in NASA Exoplanet Archive TOI table with SPOC 120s cadence data,acquired_and_validated,
TOI-181,76923707,confirmed_planet_host,2,119.99938938970443,NASA/Ames,pdcsap_flux,1354.112591367178,1381.519267610005,27.40667624282696,19737,18300,1437,0.9271925824593404,1,1.4486000289602998,True,0,0,0,True,6,6,5,0,True,tess2018234235059-s0002-0000000076923707-0121-s_lc.fits,2004480,753badc1dbd336751d431db81d7054a31fb8ada171f65725678f685737122a13,NASA MAST (SPOC Pipeline),2026-09-30,True,TOI-181 b,TOI-181.01,4.5320502,3e-06,2458358.118263,0.000227,2.4927338,0.03449,7809.0577339,NASA Exoplanet Archive TOI Table (TOI-181.01),Expansion single-planet host in NASA Exoplanet Archive TOI table with SPOC 120s cadence data,acquired_and_validated,
WASP-8,183532609,confirmed_planet_host,2,120.0004355298006,NASA/Ames,pdcsap_flux,1354.11233828721,1381.519270049561,27.406931762351174,19737,18298,1439,0.9270912499366672,1,1.4486140183566931,True,0,0,0,True,3,3,3,0,True,tess2018234235059-s0002-0000000183532609-0121-s_lc.fits,2004480,5ebeec50024f7fd0bac0dd0a41ffb5fc00985e064383ab13ad13d9e1d5eed0c8,NASA MAST (SPOC Pipeline),2026-09-30,True,WASP-8 b,TOI-191.01,8.1587261,1.2e-06,2460202.792714,0.000182,4.288,0.172,15337.0,NASA Exoplanet Archive TOI Table (TOI-191.01),Expansion single-planet host in NASA Exoplanet Archive TOI table with SPOC 120s cadence data,acquired_and_validated,
WASP-29,183537452,confirmed_planet_host,2,119.999671021651,NASA/Ames,pdcsap_flux,1354.112221084502,1381.518982684906,27.406761600404025,19737,18298,1439,0.9270912499366672,1,1.448604095580322,True,0,0,0,True,7,6,6,1,True,tess2018234235059-s0002-0000000183537452-0121-s_lc.fits,2004480,26df241dd91f5e63a0000ec7bcb12437c344c14aeaa1d797fcb5fa3f68ed6442,NASA MAST (SPOC Pipeline),2026-09-30,True,WASP-29 b,TOI-192.01,3.9227113,5e-07,2460929.713786,0.000177,2.6326626,0.0195434,11362.3670709,NASA Exoplanet Archive TOI Table (TOI-192.01),Expansion single-planet host in NASA Exoplanet Archive TOI table with SPOC 120s cadence data,acquired_and_validated,
LTT 9779,183985250,confirmed_planet_host,2,119.99999296531314,NASA/Ames,pdcsap_flux,1354.112287431457,1381.519122391674,27.40683496021711,19737,18299,1438,0.9271419161980038,1,1.448608398756278,True,0,0,0,True,35,33,33,2,False,tess2018234235059-s0002-0000000183985250-0121-s_lc.fits,2004480,d8d264184915509dc8df0ebc77ce3d96f252de99759af46b260187a2ee2ebc0b,NASA MAST (SPOC Pipeline),2026-09-30,True,LTT 9779 b,TOI-193.01,0.7920645,1e-07,2460933.175839,0.000213,0.3656119,0.0789295,1561.7798964,NASA Exoplanet Archive TOI Table (TOI-193.01),Expansion single-planet host in NASA Exoplanet Archive TOI table with SPOC 120s cadence data,acquired_and_validated,
HIP 65 A,201248411,confirmed_planet_host,2,119.9983635233366,NASA/Ames,pdcsap_flux,1354.11137437896,1381.517891054565,27.40651667560519,19737,18299,1438,0.9271419161980038,1,1.4485887417963568,True,0,0,0,True,28,26,25,2,True,tess2018234235059-s0002-0000000201248411-0121-s_lc.fits,2004480,6767818d8d05651ed7051ce18c1e8736be409f9e82b7aac3a152da937e3e8d48,NASA MAST (SPOC Pipeline),2026-09-30,True,HIP 65 A b,TOI-129.01,0.980972,5e-07,2460205.646862,0.000584,0.5405036,0.0262389,6178.392421,NASA Exoplanet Archive TOI Table (TOI-129.01),Confirmed single-planet host in NASA Exoplanet Archive TOI table with SPOC 120s cadence data,acquired_and_validated,
WASP-20,211438925,confirmed_planet_host,2,120.00240691413636,NASA/Ames,pdcsap_flux,1354.112373261723,1381.519740010856,27.40736674913296,19737,18299,1438,0.9271419161980038,1,1.4486390793158537,True,0,0,0,True,6,6,6,0,True,tess2018234235059-s0002-0000000211438925-0121-s_lc.fits,2004480,7a5eb6f12249ca6dda387fbb4bd761645dfe70d39ed26c87fb852fc63f8fffbb,NASA MAST (SPOC Pipeline),2026-09-30,True,WASP-20 b,TOI-194.01,4.8996461,1e-06,2460198.831716,0.00026,3.07,0.031,10957.0,NASA Exoplanet Archive TOI Table (TOI-194.01),Expansion single-planet host in NASA Exoplanet Archive TOI table with SPOC 120s cadence data,acquired_and_validated,
WASP-97,230982885,confirmed_planet_host,2,120.00037518009776,NASA/Ames,pdcsap_flux,1354.110435060452,1381.517444579391,27.40700951893905,19737,18298,1439,0.9270912499366672,1,1.4486152707527251,True,0,0,0,True,13,12,12,1,True,tess2018234235059-s0002-0000000230982885-0121-s_lc.fits,2004480,d5fe2bb652aeb052f5cba4b8eb335521076580e16e51003971e07d7cee9193cf,NASA MAST (SPOC Pipeline),2026-09-30,True,WASP-97 b,TOI-195.01,2.0727598,4e-07,2458355.490424,6.2e-05,2.619,0.388,14761.0,NASA Exoplanet Archive TOI Table (TOI-195.01),Expansion single-planet host in NASA Exoplanet Archive TOI table with SPOC 120s cadence data,acquired_and_validated,
HATS-71,234523599,confirmed_planet_host,2,119.99882620439166,NASA/Ames,pdcsap_flux,1354.110497475411,1381.517158404966,27.406660929555077,19737,18296,1441,0.926989917413994,1,1.4485955967961672,True,0,0,0,True,7,6,6,1,True,tess2018234235059-s0002-0000000234523599-0121-s_lc.fits,2004480,2b03eed9cd160b6810e24d0237f2427b36638a437c686e40b5fb660eaff4e22e,NASA MAST (SPOC Pipeline),2026-09-30,True,HATS-71 b,TOI-127.01,3.7955178,2.3e-06,2458325.650603,0.000243,2.0198135,0.0315755,52278.9940979,NASA Exoplanet Archive TOI Table (TOI-127.01),Confirmed single-planet host in NASA Exoplanet Archive TOI table with SPOC 120s cadence data,acquired_and_validated,
TOI-178,251848941,confirmed_planet_host,2,120.00200458278414,NASA/Ames,pdcsap_flux,1354.112153728412,1381.519442176134,27.40728844772184,19737,18299,1438,0.9271419161980038,1,1.4486340501739503,True,0,0,0,True,4,4,4,0,False,tess2018234235059-s0002-0000000251848941-0121-s_lc.fits,2004480,49647ea17936186db1ebac8b6db7a1332729f855dce4f8d1e49b00b5ef7dd5d1,NASA MAST (SPOC Pipeline),2026-09-30,True,TOI-178 f,TOI-178.01,6.5578513,1.06e-05,2460196.437088,0.001858,2.08,0.17,1596.0,NASA Exoplanet Archive TOI Table (TOI-178.01),Confirmed single-planet host in NASA Exoplanet Archive TOI table with SPOC 120s cadence data,acquired_and_validated,
GJ 3090,262530407,confirmed_planet_host,2,120.00142124161356,NASA/Ames,pdcsap_flux,1354.110985407478,1381.518202247902,27.4072168404241,19737,18299,1438,0.9271419161980038,1,1.448627881326047,True,0,0,0,True,9,8,8,1,False,tess2018234235059-s0002-0000000262530407-0121-s_lc.fits,2004480,2ef61468dd689098ac34a80afaa72e97f59074114a5b593264619d1d15fb5aba,NASA MAST (SPOC Pipeline),2026-09-30,True,GJ 3090 b,TOI-177.01,2.8531016,1.7e-06,2460204.963281,0.000883,1.263753,0.1309933,1547.1068927,NASA Exoplanet Archive TOI Table (TOI-177.01),Confirmed single-planet host in NASA Exoplanet Archive TOI table with SPOC 120s cadence data,acquired_and_validated,
HATS-30,281459670,confirmed_planet_host,2,119.9983031343436,NASA/Ames,pdcsap_flux,1354.110900468467,1381.517423840748,27.40652337228107,19737,18299,1438,0.9271419161980038,1,1.4485884060545686,True,0,0,0,True,8,8,8,0,True,tess2018234235059-s0002-0000000281459670-0121-s_lc.fits,2004480,d54cfd98131ae80cf0677d8cbf18bbec3ac3eea0d34aed08ece0f2194e59c190,NASA MAST (SPOC Pipeline),2026-09-30,True,HATS-30 b,TOI-110.01,3.1743504,1.7e-06,2458328.039934,0.000227,2.751086,0.0309315,15457.3247576,NASA Exoplanet Archive TOI Table (TOI-110.01),Confirmed single-planet host in NASA Exoplanet Archive TOI table with SPOC 120s cadence data,acquired_and_validated,
HATS-46,281541555,confirmed_planet_host,2,119.99882616510148,NASA/Ames,pdcsap_flux,1354.111098097927,1381.517730234481,27.40663213655398,19737,18299,1438,0.9271419161980038,1,1.4485948438218657,True,0,0,0,True,5,4,4,1,True,tess2018234235059-s0002-0000000281541555-0121-s_lc.fits,2004480,3bc1ad08a44a70a296d526c75a78fdcf63cbdab101f34733ca3d6d99668dcf5b,NASA MAST (SPOC Pipeline),2026-09-30,True,HATS-46 b,TOI-115.01,4.7423709,3.1e-06,2458329.903155,0.000542,2.4988145,0.0665051,12650.8110411,NASA Exoplanet Archive TOI Table (TOI-115.01),Confirmed single-planet host in NASA Exoplanet Archive TOI table with SPOC 120s cadence data,acquired_and_validated,
L 98-59,307210830,confirmed_planet_host,2,119.99817233736394,NASA/Ames,pdcsap_flux,1354.10671702604,1381.513270352506,27.40655332646588,19737,17578,2159,0.8906115417743324,1,1.448584967145962,True,0,0,0,True,7,6,6,1,False,tess2018234235059-s0002-0000000307210830-0121-s_lc.fits,2004480,516d3ee2210ba33214026ac1255d06e112723c6053f5a33872f457b0526ba8d4,NASA MAST (SPOC Pipeline),2026-09-30,True,L 98-59 e,TOI-175.01,3.6906759,1e-06,2460688.70837,0.00038,1.107,0.081,1657.0,NASA Exoplanet Archive TOI Table (TOI-175.01),Confirmed single-planet host in NASA Exoplanet Archive TOI table with SPOC 120s cadence data,acquired_and_validated,
HATS-34,355703913,confirmed_planet_host,2,119.99761921033496,NASA/Ames,pdcsap_flux,1354.110853118864,1381.517227707007,27.406374588142853,19737,18299,1438,0.9271419161980038,1,1.4485799291564945,True,0,0,0,True,13,12,12,1,True,tess2018234235059-s0002-0000000355703913-0121-s_lc.fits,2004480,36990fb9c717f118f2ccf35afae3aca3a1450b59fc457f035877068c122d728a,NASA MAST (SPOC Pipeline),2026-09-30,True,HATS-34 b,TOI-111.01,2.1061569,2.6e-06,2458326.105486,0.000396,1.4688934,0.056278,12142.2238514,NASA Exoplanet Archive TOI Table (TOI-111.01),Confirmed single-planet host in NASA Exoplanet Archive TOI table with SPOC 120s cadence data,acquired_and_validated,
WASP-119,388104525,confirmed_planet_host,2,120.000244127732,NASA/Ames,pdcsap_flux,1354.108827908545,1381.515824133901,27.406996225356124,19737,18299,1438,0.9271419161980038,1,1.4486123590891111,True,0,0,0,True,11,10,10,1,True,tess2018234235059-s0002-0000000388104525-0121-s_lc.fits,2004480,2f1194be235bddcdd31ca94d5329410fd39325afcd1f239d2a1b1b93d9a38d7f,NASA MAST (SPOC Pipeline),2026-09-30,True,WASP-119 b,TOI-112.01,2.4997996,4e-07,2460069.773646,0.000365,2.865171,0.0097803,14621.2059647,NASA Exoplanet Archive TOI Table (TOI-112.01),Confirmed single-planet host in NASA Exoplanet Archive TOI table with SPOC 120s cadence data,acquired_and_validated,
HD 221416,441462736,confirmed_planet_host,2,120.00067692861194,NASA/Ames,pdcsap_flux,1354.112904151029,1381.519853914449,27.406949763420016,19737,18295,1442,0.9269392511526574,1,1.448616431413484,True,0,0,0,True,2,2,2,0,False,tess2018234235059-s0002-0000000441462736-0121-s_lc.fits,2004480,65abea3ca10f6ae5d0e730c644dd6d2627ab1d240f1cf0bd01ac9aa01b436bc7,NASA MAST (SPOC Pipeline),2026-09-30,True,HD 221416 b,TOI-197.01,14.2811731,1.92e-05,2460927.616153,0.002398,8.571366,0.6384374,762.9376583,NASA Exoplanet Archive TOI Table (TOI-197.01),Expansion single-planet host in NASA Exoplanet Archive TOI table with SPOC 120s cadence data,acquired_and_validated,
TIC 12417837,12417837,control_star,2,120.00152174587129,NASA/Ames,pdcsap_flux,1354.112459149688,1381.519621555937,27.40716240624897,19737,18300,1437,0.9271925824593404,1,1.4486275150834445,True,0,0,0,False,0,0,0,0,False,tess2018234235059-s0002-0000000012417837-0121-s_lc.fits,2004480,92b89fbceb8f95630a30c83872fa9dc2f13abcb10d248f2398ee8244be9004c1,NASA MAST (SPOC Pipeline),2026-09-30,True,,,,,,,,,,N/A (Observational Control),Field star observed in SPOC 120s cadence; zero TOI or confirmed exoplanet records,acquired_and_validated,
TIC 38759751,38759751,control_star,2,120.0009884800238,NASA/Ames,pdcsap_flux,1354.10833182561,1381.515491935218,27.40716010960796,19737,18290,1447,0.9266859198459746,1,1.4486210400632444,True,0,0,0,False,0,0,0,0,False,tess2018234235059-s0002-0000000038759751-0121-s_lc.fits,2004480,a03b21dd0dce1d8acc11f10c16518298d87b125aaac82bc88d7b239cd03a909d,NASA MAST (SPOC Pipeline),2026-09-30,True,,,,,,,,,,N/A (Observational Control),Field star observed in SPOC 120s cadence; zero TOI or confirmed exoplanet records,acquired_and_validated,
TIC 38823112,38823112,control_star,2,119.9975185096264,NASA/Ames,pdcsap_flux,1354.110326534644,1381.51669716327,27.406370628626064,19737,18298,1439,0.9270912499366672,1,1.448578948706654,True,0,0,0,False,0,0,0,0,False,tess2018234235059-s0002-0000000038823112-0121-s_lc.fits,2004480,ba877582cf1d63926d33959a77b25f352e3d2f0d61762f3e8cac99be0b41d2cb,NASA MAST (SPOC Pipeline),2026-09-30,True,,,,,,,,,,N/A (Observational Control),Field star observed in SPOC 120s cadence; zero TOI or confirmed exoplanet records,acquired_and_validated,
TIC 38909490,38909490,control_star,2,120.0009482272435,NASA/Ames,pdcsap_flux,1354.108213526688,1381.515362658797,27.407149132109,19737,18300,1437,0.9271925824593404,1,1.448620276611564,True,0,0,0,False,0,0,0,0,False,tess2018234235059-s0002-0000000038909490-0121-s_lc.fits,2004480,7d2ac7b5d5a4952d2849c190e0e949c3309609033d1a59b681a44c56c4567607,NASA MAST (SPOC Pipeline),2026-09-30,True,,,,,,,,,,N/A (Observational Control),Expansion field star observed in SPOC 120s cadence; zero TOI or confirmed exoplanet records,acquired_and_validated,
TIC 47338708,47338708,control_star,2,119.99810200795764,NASA/Ames,pdcsap_flux,1354.113033006862,1381.519397428456,27.40636442159393,19737,18294,1443,0.9268885848913208,1,1.448583390416843,True,0,0,0,False,0,0,0,0,False,tess2018234235059-s0002-0000000047338708-0121-s_lc.fits,2004480,ca368c6e5405f5e13d9cfe3bab48ffd272074830d335d633191da7f1b3d88a2d,NASA MAST (SPOC Pipeline),2026-09-30,True,,,,,,,,,,N/A (Observational Control),Field star observed in SPOC 120s cadence; zero TOI or confirmed exoplanet records,acquired_and_validated,
TIC 47389361,47389361,control_star,2,119.99854449386476,NASA/Ames,pdcsap_flux,1354.113094335062,1381.519546740562,27.406452405499977,19737,18297,1440,0.9270405836753306,1,1.4485885555318418,True,0,0,0,False,0,0,0,0,False,tess2018234235059-s0002-0000000047389361-0121-s_lc.fits,2004480,52d3fe0737d2840db04681a5eb0e1784e1b342980568491534e7abbf463ed685,NASA MAST (SPOC Pipeline),2026-09-30,True,,,,,,,,,,N/A (Observational Control),Expansion field star observed in SPOC 120s cadence; zero TOI or confirmed exoplanet records,acquired_and_validated,
TIC 66473443,66473443,control_star,2,120.00140112504596,NASA/Ames,pdcsap_flux,1354.112850312668,1381.519965014247,27.40711470157908,19737,18298,1439,0.9270912499366672,1,1.4486257921366814,True,0,0,0,False,0,0,0,0,False,tess2018234235059-s0002-0000000066473443-0121-s_lc.fits,2004480,d96549a0606936c2cdbe7f64de7e44460807d8a9d5a74d795f9f7f9f9ec8e446,NASA MAST (SPOC Pipeline),2026-09-30,True,,,,,,,,,,N/A (Observational Control),Field star observed in SPOC 120s cadence; zero TOI or confirmed exoplanet records,acquired_and_validated,
TIC 77044681,77044681,control_star,2,120.000717122457,NASA/Ames,pdcsap_flux,1354.112482612497,1381.519465549627,27.406982937130124,19737,18300,1437,0.9271925824593404,1,1.4486172826423172,True,0,0,0,False,0,0,0,0,False,tess2018234235059-s0002-0000000077044681-0121-s_lc.fits,2004480,4df9e056fed0c35226186bb51f3b636c926d90f2fdb81f48789b22d5007ac0a4,NASA MAST (SPOC Pipeline),2026-09-30,True,,,,,,,,,,N/A (Observational Control),Expansion field star observed in SPOC 120s cadence; zero TOI or confirmed exoplanet records,acquired_and_validated,
TIC 89529092,89529092,control_star,2,120.00164244527696,NASA/Ames,pdcsap_flux,1354.112771029643,1381.51993990579,27.407168876146898,19737,18299,1438,0.9271419161980038,1,1.448628687618566,True,0,0,0,False,0,0,0,0,False,tess2018234235059-s0002-0000000089529092-0121-s_lc.fits,2004480,01cd41a8c993b5ec5b45996a10aebd241c33c32d473e5698ad2afe30ce7794c7,NASA MAST (SPOC Pipeline),2026-09-30,True,,,,,,,,,,N/A (Observational Control),Expansion field star observed in SPOC 120s cadence; zero TOI or confirmed exoplanet records,acquired_and_validated,
TIC 116157661,116157661,control_star,2,120.0011596083641,NASA/Ames,pdcsap_flux,1354.111907731195,1381.519017243911,27.407109512716037,19737,18295,1442,0.9269392511526574,1,1.448623329719794,True,0,0,0,False,0,0,0,0,False,tess2018234235059-s0002-0000000116157661-0121-s_lc.fits,2004480,15c041e8dbbfa783791e6c20a0c9ea99626778a13890df37c16ba07a6b3fd7fe,NASA MAST (SPOC Pipeline),2026-09-30,True,,,,,,,,,,N/A (Observational Control),Field star observed in SPOC 120s cadence; zero TOI or confirmed exoplanet records,acquired_and_validated,
TIC 175366823,175366823,control_star,2,119.99842379445909,NASA/Ames,pdcsap_flux,1354.112528652851,1381.518995865914,27.4064672130628,19737,18298,1439,0.9270912499366672,1,1.4485879944099906,True,0,0,0,False,0,0,0,0,False,tess2018234235059-s0002-0000000175366823-0121-s_lc.fits,2004480,d5bca1907b6ccc9d4ff9fe7c37fd9f860ec3971a84a81390d37cc1ccdab07fc2,NASA MAST (SPOC Pipeline),2026-09-30,True,,,,,,,,,,N/A (Observational Control),Expansion field star observed in SPOC 120s cadence; zero TOI or confirmed exoplanet records,acquired_and_validated,
TIC 206365300,206365300,control_star,2,119.99830317363376,NASA/Ames,pdcsap_flux,1354.111571662418,1381.518056152912,27.406484490493995,19737,17784,1953,0.9010487916096672,1,1.4485872405043665,True,0,0,0,False,0,0,0,0,False,tess2018234235059-s0002-0000000206365300-0121-s_lc.fits,2004480,b9df824c1f55b0693474a5d849148baebc48f05e858585e7967f70950d717b85,NASA MAST (SPOC Pipeline),2026-09-30,True,,,,,,,,,,N/A (Observational Control),Field star observed in SPOC 120s cadence; zero TOI or confirmed exoplanet records,acquired_and_validated,
TIC 220393258,220393258,control_star,2,120.00230601697696,NASA/Ames,pdcsap_flux,1354.108138871521,1381.515598231021,27.407459359499853,19737,18298,1439,0.9270912499366672,1,1.4486378053829867,True,0,0,0,False,0,0,0,0,False,tess2018234235059-s0002-0000000220393258-0121-s_lc.fits,2004480,b1597ed21becbd27970b8c6c6fd4851052c9747a0c2262de9003a56c4eabb964,NASA MAST (SPOC Pipeline),2026-09-30,True,,,,,,,,,,N/A (Observational Control),Field star observed in SPOC 120s cadence; zero TOI or confirmed exoplanet records,acquired_and_validated,
TIC 220414222,220414222,control_star,2,120.00202446361072,NASA/Ames,pdcsap_flux,1354.108027894308,1381.515422277412,27.40739438310402,19737,18299,1438,0.9271419161980038,1,1.4486339799755117,True,0,0,0,False,0,0,0,0,False,tess2018234235059-s0002-0000000220414222-0121-s_lc.fits,2004480,cf3931bcd1407c0b0d0dfc4bd81b87b9236a0e4300e54732544a14f21e7c9448,NASA MAST (SPOC Pipeline),2026-09-30,True,,,,,,,,,,N/A (Observational Control),Expansion field star observed in SPOC 120s cadence; zero TOI or confirmed exoplanet records,acquired_and_validated,
TIC 231831914,231831914,control_star,2,119.99955036153553,NASA/Ames,pdcsap_flux,1354.11025491198,1381.517085467973,27.406830555992883,19737,18298,1439,0.9270912499366672,1,1.4486048585663411,True,0,0,0,False,0,0,0,0,False,tess2018234235059-s0002-0000000231831914-0121-s_lc.fits,2004480,aa27222be17c40bff7788472a0bd6ce33525b5665747111f6ee3beb264437856,NASA MAST (SPOC Pipeline),2026-09-30,True,,,,,,,,,,N/A (Observational Control),Expansion field star observed in SPOC 120s cadence; zero TOI or confirmed exoplanet records,acquired_and_validated,
TIC 308663672,308663672,control_star,2,119.998695407412,NASA/Ames,pdcsap_flux,1354.106522560473,1381.513203549786,27.406680989313145,19737,17578,2159,0.8906115417743324,1,1.4485919702260617,True,0,0,0,False,0,0,0,0,False,tess2018234235059-s0002-0000000308663672-0121-s_lc.fits,2004480,67c718747d78878e8aa2f945d1fa482b1b669f0eddd819de3f8538066ec8214c,NASA MAST (SPOC Pipeline),2026-09-30,True,,,,,,,,,,N/A (Observational Control),Field star observed in SPOC 120s cadence; zero TOI or confirmed exoplanet records,acquired_and_validated,
TIC 350094542,350094542,control_star,2,119.9992335648858,NASA/Ames,pdcsap_flux,1354.106602607416,1381.513400778179,27.40679817076284,19737,15944,3793,0.8078228707503673,2,1.4485986608474375,True,0,0,0,False,0,0,0,0,False,tess2018234235059-s0002-0000000350094542-0121-s_lc.fits,2004480,ac833242a638d5287b1483b6e16a96aef4ab481b6b063b6db45bdb86bcfd63bf,NASA MAST (SPOC Pipeline),2026-09-30,True,,,,,,,,,,N/A (Observational Control),Field star observed in SPOC 120s cadence; zero TOI or confirmed exoplanet records,acquired_and_validated,
TIC 389752086,389752086,control_star,2,119.99854451350984,NASA/Ames,pdcsap_flux,1354.112299943775,1381.518807713608,27.40650776983307,19737,18299,1438,0.9271419161980038,1,1.4485898402913335,True,0,0,0,False,0,0,0,0,False,tess2018234235059-s0002-0000000389752086-0121-s_lc.fits,2004480,8401699ad81113f779eb9cf1ab87fda41d2399cf9bed6b81b1a693155cc3fbed,NASA MAST (SPOC Pipeline),2026-09-30,True,,,,,,,,,,N/A (Observational Control),Expansion field star observed in SPOC 120s cadence; zero TOI or confirmed exoplanet records,acquired_and_validated,
NGTS-6,1528696,confirmed_planet_host,5,120.00035386517992,NASA/Ames,pdcsap_flux,1437.988600257749,1464.040059485106,26.051459227356872,18944,17082,1862,0.901710304054054,1,1.5388926417354014,True,0,0,0,True,29,28,28,1,True,tess2018319095959-s0005-0000000001528696-0125-s_lc.fits,1923840,39c03e10865b884e0f48f02f046074a3f9ff7e8ce963ad649b1007ec1f75fcb5,NASA MAST (SPOC Pipeline),2026-09-30,True,NGTS-6 b,TOI-448.01,0.8820624,5.2e-06,2458438.402842,0.000215,0.5759672,0.1046099,11755.4509288,NASA Exoplanet Archive TOI Table (TOI-448.01),Expansion single-planet host in NASA Exoplanet Archive TOI table with SPOC 120s cadence data,acquired_and_validated,
WASP-61,13021029,confirmed_planet_host,5,120.00045374079492,NASA/Ames,pdcsap_flux,1437.988917029195,1464.040395684639,26.051478655444043,18944,17043,1901,0.8996516047297297,1,1.5625054740341966,True,0,0,0,True,7,6,6,1,True,tess2018319095959-s0005-0000000013021029-0125-s_lc.fits,1923840,945064378d9bb05151cf6571c6245f04da3927e23d85d455a3b5a033af47d626,NASA MAST (SPOC Pipeline),2026-09-30,True,WASP-61 b,TOI-439.01,3.85589,3.3e-06,2459175.599762,0.000767,3.9555399,0.0487446,9747.6035597,NASA Exoplanet Archive TOI Table (TOI-439.01),Confirmed single-planet host in NASA Exoplanet Archive TOI table with SPOC 120s cadence data,acquired_and_validated,
TOI-431,31374837,confirmed_planet_host,5,120.00188201709534,NASA/Ames,pdcsap_flux,1437.988547932554,1464.148667429649,26.16011949709514,18944,17130,1814,0.9042440878378378,1,1.511133342300809,True,0,0,0,True,2,2,2,0,False,tess2018319095959-s0005-0000000031374837-0125-s_lc.fits,1923840,d0d89868a1edba22758b5799fc2a276dbbdd90a2aebd9e5adefd9e73c68afb33,NASA MAST (SPOC Pipeline),2026-09-30,True,TOI-431 c,TOI-431.01,12.4610086,1.32e-05,2458440.630295,0.000482,3.3195777,0.0916928,2078.1425981,NASA Exoplanet Archive TOI Table (TOI-431.01),Confirmed single-planet host in NASA Exoplanet Archive TOI table with SPOC 120s cadence data,acquired_and_validated,
HATS-44,32499655,confirmed_planet_host,5,120.002002716501,NASA/Ames,pdcsap_flux,1437.98841803401,1464.148563556914,26.16014552290403,18944,17119,1825,0.903663429054054,1,1.5166902045543793,True,0,0,0,True,9,8,8,1,True,tess2018319095959-s0005-0000000032499655-0125-s_lc.fits,1923840,5594d360ee7eb26ec28c91d739ec390624f959c03578344d0830fecabe64325d,NASA MAST (SPOC Pipeline),2026-09-30,True,HATS-44 b,TOI-437.01,2.7439029,4.3e-06,2459197.575826,0.001283,1.503168,0.059521,13852.3979585,NASA Exoplanet Archive TOI Table (TOI-437.01),Confirmed single-planet host in NASA Exoplanet Archive TOI table with SPOC 120s cadence data,acquired_and_validated,
WASP-35,43647325,confirmed_planet_host,5,120.00135977214086,NASA/Ames,pdcsap_flux,1437.988557759099,1463.97634794784,25.987790188740973,18944,17217,1727,0.908836570945946,1,1.4722410125107217,True,0,0,0,True,8,8,8,0,True,tess2018319095959-s0005-0000000043647325-0125-s_lc.fits,1923840,bf5ab465bcdc09c5c0e39609ffe9d8fac9a495e46ed44951d6b395ac431d7d4d,NASA MAST (SPOC Pipeline),2026-09-30,True,WASP-35 b,TOI-423.01,3.1615697,7e-07,2459176.768453,0.000197,3.1425792,0.011049,17482.2328085,NASA Exoplanet Archive TOI Table (TOI-423.01),Confirmed single-planet host in NASA Exoplanet Archive TOI table with SPOC 120s cadence data,acquired_and_validated,
,44647437,confirmed_planet_host,5,119.99749654642072,NASA/Ames,pdcsap_flux,1437.992143798262,1464.119372248468,26.12722845020585,18944,17122,1822,0.9038217905405406,1,1.4791378570059803,True,0,0,0,True,8,8,8,0,False,tess2018319095959-s0005-0000000044647437-0125-s_lc.fits,1923840,de5702daa53c2dc5d84838cb857d4a4e253b5968af3f5269c3905ff48821e8b5,NASA MAST (SPOC Pipeline),2026-09-30,True,,TOI-435.01,3.352907,1.42e-05,2458411.844766,0.001728,2.3906731,0.1538245,4205.1961016,NASA Exoplanet Archive TOI Table (TOI-435.01),Confirmed single-planet host in NASA Exoplanet Archive TOI table with SPOC 120s cadence data,acquired_and_validated,
LP 714-47,70899085,confirmed_planet_host,5,119.99874377361266,NASA/Ames,pdcsap_flux,1437.995624285401,1464.196729846052,26.201105560651055,18944,17013,1931,0.8980679898648649,1,1.5416537466535374,True,0,0,0,True,7,6,6,1,True,tess2018319095959-s0005-0000000070899085-0125-s_lc.fits,1923840,0892a58f5b0a2301001f117e20101e0245ba32e2e1ca018b3e15adc610d17376,NASA MAST (SPOC Pipeline),2026-09-30,True,LP 714-47 b,TOI-442.01,4.0520368,4.4e-06,2459196.115341,0.000509,1.5605128,0.0415174,5512.4033193,NASA Exoplanet Archive TOI Table (TOI-442.01),Expansion single-planet host in NASA Exoplanet Archive TOI table with SPOC 120s cadence data,acquired_and_validated,
HATS-43,78055054,confirmed_planet_host,5,120.00115854752949,NASA/Ames,pdcsap_flux,1437.99114684835,1464.276112433059,26.2849655847092,18944,17202,1742,0.9080447635135136,1,1.452790697059072,True,0,0,0,True,6,6,6,0,True,tess2018319095959-s0005-0000000078055054-0125-s_lc.fits,1923840,8875844b42966fbab6720e2a84ba21dbee675230aca61c8b01bdf99add91be15,NASA MAST (SPOC Pipeline),2026-09-30,True,HATS-43 b,TOI-434.01,4.3888516,3.3e-06,2459198.519993,0.001546,3.0184015,0.0361286,24964.547823,NASA Exoplanet Archive TOI Table (TOI-434.01),Confirmed single-planet host in NASA Exoplanet Archive TOI table with SPOC 120s cadence data,acquired_and_validated,
WASP-141,117979897,confirmed_planet_host,5,120.00011181808075,NASA/Ames,pdcsap_flux,1437.992366865947,1464.200715487493,26.208348621546065,18944,17188,1756,0.9073057432432432,1,1.4638917308977852,True,0,0,0,True,8,8,8,0,True,tess2018319095959-s0005-0000000117979897-0125-s_lc.fits,1923840,779b5cfbf67f0ee4d124d87a3e0eccfb94fe3e65cc3a1ca459e5f6297059c1dc,NASA MAST (SPOC Pipeline),2026-09-30,True,WASP-141 b,TOI-443.01,3.3106692,3.5e-06,2459174.840517,0.000975,3.7033867,0.0541326,9189.7342523,NASA Exoplanet Archive TOI Table (TOI-443.01),Expansion single-planet host in NASA Exoplanet Archive TOI table with SPOC 120s cadence data,acquired_and_validated,
WASP-78,139528693,confirmed_planet_host,5,119.9983817343309,NASA/Ames,pdcsap_flux,1437.992276789263,1464.119696727772,26.127419938508865,18944,16983,1961,0.896484375,1,1.5597032444234171,True,0,0,0,True,12,11,10,1,True,tess2018319095959-s0005-0000000139528693-0125-s_lc.fits,1923840,1f14e93192548e9c5049f40009187ac35c79055e9069d43239754582f366b2fd,NASA MAST (SPOC Pipeline),2026-09-30,True,WASP-78 b,TOI-449.01,2.1751729,1.9e-06,2459175.58961,0.000863,4.7918806,0.0435919,7780.6435196,NASA Exoplanet Archive TOI Table (TOI-449.01),Expansion single-planet host in NASA Exoplanet Archive TOI table with SPOC 120s cadence data,acquired_and_validated,
HATS-5,139733308,confirmed_planet_host,5,119.9990656976297,NASA/Ames,pdcsap_flux,1437.992238781058,1464.101752080001,26.109513298943057,18944,17142,1802,0.9048775337837838,1,1.4749900923063706,True,0,0,0,True,5,4,4,1,True,tess2018319095959-s0005-0000000139733308-0125-s_lc.fits,1923840,c6628f1200a851e8911397f11a7a2b84b498a31dd19f9b01b1605c22ae9d50dd,NASA MAST (SPOC Pipeline),2026-09-30,True,HATS-5 b,TOI-452.01,4.7633952,3.4e-06,2459174.695544,0.000647,3.0078272,0.0443424,13160.629831,NASA Exoplanet Archive TOI Table (TOI-452.01),Expansion single-planet host in NASA Exoplanet Archive TOI table with SPOC 120s cadence data,acquired_and_validated,
WASP-120,152476657,confirmed_planet_host,5,119.9977781783673,NASA/Ames,pdcsap_flux,1437.991823664521,1464.273278277246,26.28145461272493,18944,17040,1904,0.8994932432432432,1,1.5180267509738314,True,0,0,0,True,7,6,6,1,True,tess2018319095959-s0005-0000000152476657-0125-s_lc.fits,1923840,f06f148ee2713ff7d3848f96e278fccf5e50445e9365b3590410f67fef024b13,NASA MAST (SPOC Pipeline),2026-09-30,True,WASP-120 b,TOI-415.01,3.6112621,2.2e-06,2459166.483051,0.000557,3.5377447,0.0288534,5684.0944144,NASA Exoplanet Archive TOI Table (TOI-415.01),Confirmed single-planet host in NASA Exoplanet Archive TOI table with SPOC 120s cadence data,acquired_and_validated,
WASP-79,170634116,confirmed_planet_host,5,119.99864397657802,NASA/Ames,pdcsap_flux,1437.991632692158,1464.101058146894,26.109425454736083,18944,17240,1704,0.9100506756756755,1,1.4416512263735513,True,0,0,0,True,7,7,7,0,True,tess2018319095959-s0005-0000000170634116-0125-s_lc.fits,1923840,976e7ff68d7e8054bb0ddd8d4230f47b9ab53811f23b64f6b43f06f4055ba9b0,NASA MAST (SPOC Pipeline),2026-09-30,True,WASP-79 b,TOI-413.01,3.6623918,7e-07,2459174.669346,0.000263,3.7669692,0.0089357,12253.6582523,NASA Exoplanet Archive TOI Table (TOI-413.01),Confirmed single-planet host in NASA Exoplanet Archive TOI table with SPOC 120s cadence data,acquired_and_validated,
WASP-140,178284730,confirmed_planet_host,5,119.9977781587222,NASA/Ames,pdcsap_flux,1437.995220278134,1464.196116132416,26.200895854281956,18944,17065,1879,0.9008129222972971,1,1.487474862856061,True,0,0,0,True,11,10,10,1,True,tess2018319095959-s0005-0000000178284730-0125-s_lc.fits,1923840,138ba099d8fcb08a95aaa38b80f2367f302c5c5d07c2c83a675c6c50430c5ba5,NASA MAST (SPOC Pipeline),2026-09-30,True,WASP-140 b,TOI-418.01,2.2359865,5e-07,2459146.100495,0.000177,1.5254332,0.0064515,19058.0137423,NASA Exoplanet Archive TOI Table (TOI-418.01),Confirmed single-planet host in NASA Exoplanet Archive TOI table with SPOC 120s cadence data,acquired_and_validated,
TOI-426,189013224,confirmed_planet_host,5,120.0016011709522,NASA/Ames,pdcsap_flux,1437.992176196276,1464.203629000223,26.21145280394694,18944,17319,1625,0.9142208614864864,1,1.4236310351784596,True,0,0,0,True,20,19,18,1,False,tess2018319095959-s0005-0000000189013224-0125-s_lc.fits,1923840,1c8240b01cc94cb80f809efec7d991403c6d8046764b9ecf91a071d509fccc3d,NASA MAST (SPOC Pipeline),2026-09-30,True,TOI-426 b,TOI-426.01,1.3205037,1.21e-05,2458438.524066,0.001107,2.0155519,0.4714316,469.4537481,NASA Exoplanet Archive TOI Table (TOI-426.01),Confirmed single-planet host in NASA Exoplanet Archive TOI table with SPOC 120s cadence data,acquired_and_validated,
TOI-540,200322593,confirmed_planet_host,5,119.99967996016494,NASA/Ames,pdcsap_flux,1437.991359918266,1464.188504750767,26.197144832500957,18944,16990,1954,0.8968538851351351,1,1.5041600279560043,True,0,0,0,True,20,18,17,2,False,tess2018319095959-s0005-0000000200322593-0125-s_lc.fits,1923840,6d2a8bea4ff7bf7cae125a1624926202df854ffd7c63614a8271ce65bf0f2207,NASA MAST (SPOC Pipeline),2026-09-30,True,TOI-540 b,TOI-540.01,1.2391534,4.9e-06,2459175.141647,0.000952,0.4887749,0.1137868,2318.6594409,NASA Exoplanet Archive TOI Table (TOI-540.01),Expansion single-planet host in NASA Exoplanet Archive TOI table with SPOC 120s cadence data,acquired_and_validated,
GJ 238,260708537,confirmed_planet_host,5,120.00154583074618,NASA/Ames,pdcsap_flux,1437.989784068076,1464.288711117132,26.29892704905592,18944,17117,1827,0.9035578547297296,1,1.5000131224014694,True,0,0,0,True,15,14,14,1,False,tess2018319095959-s0005-0000000260708537-0125-s_lc.fits,1923840,6e09b8ae4c0f05241b669360d0fe55fa83c4f170edf4b122a7eadcb27abf9b35,NASA MAST (SPOC Pipeline),2026-09-30,True,GJ 238 b,TOI-486.01,1.7446984,1.6e-06,2460985.903551,0.001512,1.0880845,0.3597863,160.4642656,NASA Exoplanet Archive TOI Table (TOI-486.01),Expansion single-planet host in NASA Exoplanet Archive TOI table with SPOC 120s cadence data,acquired_and_validated,
WASP-82,452808876,confirmed_planet_host,5,120.00095671392046,NASA/Ames,pdcsap_flux,1437.988973749228,1463.985004377359,25.99603062813094,18944,17228,1716,0.9094172297297296,1,1.493070484891632,True,0,0,0,True,10,10,10,0,True,tess2018319095959-s0005-0000000452808876-0125-s_lc.fits,1923840,bb67c5cddce520f41fd76ee457f77176e89744db25b5fd77250a7bd655508e41,NASA MAST (SPOC Pipeline),2026-09-30,True,WASP-82 b,TOI-453.01,2.70582,8e-05,2458438.96587,0.0004,4.968,0.031,7500.0,NASA Exoplanet Archive TOI Table (TOI-453.01),Expansion single-planet host in NASA Exoplanet Archive TOI table with SPOC 120s cadence data,acquired_and_validated,
TIC 9458628,9458628,control_star,5,120.00071525617386,NASA/Ames,pdcsap_flux,1437.992587946093,1464.203842062614,26.211254116521104,18944,17124,1820,0.9039273648648648,1,1.504177150437954,True,0,0,0,False,0,0,0,0,False,tess2018319095959-s0005-0000000009458628-0125-s_lc.fits,1923840,d9abfb9c417648828013d40a4646b719dc8d4760da8e7acb58aeff2664bbc07f,NASA MAST (SPOC Pipeline),2026-09-30,True,,,,,,,,,,N/A (Observational Control),Field star observed in SPOC 120s cadence; zero TOI or confirmed exoplanet records,acquired_and_validated,
TIC 37906724,37906724,control_star,5,119.99918639703536,NASA/Ames,pdcsap_flux,1437.995600383007,1464.196802038453,26.201201655445857,18944,17221,1723,0.9090477195945946,1,1.4277709166974546,True,0,0,0,False,0,0,0,0,False,tess2018319095959-s0005-0000000037906724-0125-s_lc.fits,1923840,066900a20642fb2e4193369ff99676db8ac13efd807a896b44d854b3530e7e52,NASA MAST (SPOC Pipeline),2026-09-30,True,,,,,,,,,,N/A (Observational Control),Expansion field star observed in SPOC 120s cadence; zero TOI or confirmed exoplanet records,acquired_and_validated,
TIC 43846130,43846130,control_star,5,120.00164067721926,NASA/Ames,pdcsap_flux,1437.992566886096,1464.2040241101,26.21145722400388,18944,17322,1622,0.914379222972973,1,1.4208543644847396,True,0,0,0,False,0,0,0,0,False,tess2018319095959-s0005-0000000043846130-0125-s_lc.fits,1923840,3392b72681139f34f80bc645c34c1f54fa1db53ebb63e0829c7892a2c190e902,NASA MAST (SPOC Pipeline),2026-09-30,True,,,,,,,,,,N/A (Observational Control),Field star observed in SPOC 120s cadence; zero TOI or confirmed exoplanet records,acquired_and_validated,
TIC 44669966,44669966,control_star,5,119.9975167219236,NASA/Ames,pdcsap_flux,1437.991841207832,1464.119075746559,26.127234538726952,18944,17241,1703,0.9101034628378378,1,1.4416384563112388,True,0,0,0,False,0,0,0,0,False,tess2018319095959-s0005-0000000044669966-0125-s_lc.fits,1923840,b88f011b2047d8c4f5e1e3d4c3592207cae116938e0834f6e68c5ecb7bd28c6e,NASA MAST (SPOC Pipeline),2026-09-30,True,,,,,,,,,,N/A (Observational Control),Field star observed in SPOC 120s cadence; zero TOI or confirmed exoplanet records,acquired_and_validated,
TIC 56000767,56000767,control_star,5,119.99999170802766,NASA/Ames,pdcsap_flux,1437.992884213308,1464.201206080751,26.208321867443143,18944,17320,1624,0.9142736486486488,1,1.4208360300028744,True,0,0,0,False,0,0,0,0,False,tess2018319095959-s0005-0000000056000767-0125-s_lc.fits,1923840,1bfec25c05c93c316d8643f926fa04d62b5fe28069f6a1082b2f8aea91cd6c58,NASA MAST (SPOC Pipeline),2026-09-30,True,,,,,,,,,,N/A (Observational Control),Expansion field star observed in SPOC 120s cadence; zero TOI or confirmed exoplanet records,acquired_and_validated,
TIC 140578791,140578791,control_star,5,119.9980555473303,NASA/Ames,pdcsap_flux,1437.990190966942,1464.263387445329,26.273196478387035,18944,17035,1909,0.8992293074324325,1,1.518026831068255,True,0,0,0,False,0,0,0,0,False,tess2018319095959-s0005-0000000140578791-0125-s_lc.fits,1923840,077340bb86e2edf22b39f4ed48a31c176d2efa228338b4d6ae421e67ff32f728,NASA MAST (SPOC Pipeline),2026-09-30,True,,,,,,,,,,N/A (Observational Control),Expansion field star observed in SPOC 120s cadence; zero TOI or confirmed exoplanet records,acquired_and_validated,
TIC 150106948,150106948,control_star,5,120.0008064879512,NASA/Ames,pdcsap_flux,1437.98985396954,1464.28862140958,26.29876744003991,18944,17014,1930,0.898120777027027,1,1.5388933256172097,True,0,0,0,False,0,0,0,0,False,tess2018319095959-s0005-0000000150106948-0125-s_lc.fits,1923840,df4ff12c7c4f0036049cb6e8581e7152f031a7dde03c356f3c62c38f3fabca0e,NASA MAST (SPOC Pipeline),2026-09-30,True,,,,,,,,,,N/A (Observational Control),Expansion field star observed in SPOC 120s cadence; zero TOI or confirmed exoplanet records,acquired_and_validated,
TIC 177115492,177115492,control_star,5,120.00057444020058,NASA/Ames,pdcsap_flux,1437.988850529155,1464.145921008205,26.15707047905016,18944,16997,1947,0.8972233952702703,1,1.5861127154300902,True,0,0,0,False,0,0,0,0,False,tess2018319095959-s0005-0000000177115492-0125-s_lc.fits,1923840,11a510a8992313b6863f9accbf0b4b3c0fdcd9baeb3ac7aef37f9dbd8b4deb61,NASA MAST (SPOC Pipeline),2026-09-30,True,,,,,,,,,,N/A (Observational Control),Expansion field star observed in SPOC 120s cadence; zero TOI or confirmed exoplanet records,acquired_and_validated,
TIC 200376190,200376190,control_star,5,120.00003207867849,NASA/Ames,pdcsap_flux,1437.979064890771,1464.201286053847,26.22222116307603,18944,17272,1672,0.9117398648648648,1,1.4597202966356235,True,0,0,0,False,0,0,0,0,False,tess2018319095959-s0005-0000000200376190-0125-s_lc.fits,1923840,e2ea6fc6bfee06875b3427bd9cf519d072630bf7cf3ac441080b390f1aa3327b,NASA MAST (SPOC Pipeline),2026-09-30,True,,,,,,,,,,N/A (Observational Control),Field star observed in SPOC 120s cadence; zero TOI or confirmed exoplanet records,acquired_and_validated,
TIC 219145683,219145683,control_star,5,120.00115782066132,NASA/Ames,pdcsap_flux,1437.978082521009,1464.289429362876,26.31134684186713,18944,17274,1670,0.9118454391891893,1,1.4597317312977791,True,0,0,0,False,0,0,0,0,False,tess2018319095959-s0005-0000000219145683-0125-s_lc.fits,1923840,f41576ff1f9188c25ed64949e03a5de16d85035c0243f7a67b9df6c082f29ad6,NASA MAST (SPOC Pipeline),2026-09-30,True,,,,,,,,,,N/A (Observational Control),Field star observed in SPOC 120s cadence; zero TOI or confirmed exoplanet records,acquired_and_validated,
TIC 260076575,260076575,control_star,5,120.00086683765404,NASA/Ames,pdcsap_flux,1437.989967587052,1464.288748765032,26.29878117798012,18944,17118,1826,0.903610641891892,1,1.5000052570330809,True,0,0,0,False,0,0,0,0,False,tess2018319095959-s0005-0000000260076575-0125-s_lc.fits,1923840,464b0b30bd4b8a0d2202aeffeb493d6ba75d16b02631cdbbaf8377f07be0c74e,NASA MAST (SPOC Pipeline),2026-09-30,True,,,,,,,,,,N/A (Observational Control),Expansion field star observed in SPOC 120s cadence; zero TOI or confirmed exoplanet records,acquired_and_validated,
TIC 271889486,271889486,control_star,5,120.00009234980098,NASA/Ames,pdcsap_flux,1437.988290745498,1464.145269888812,26.156979143313947,18944,17022,1922,0.8985430743243243,1,1.5652734993777813,True,0,0,0,False,0,0,0,0,False,tess2018319095959-s0005-0000000271889486-0125-s_lc.fits,1923840,999bf6d80114453237c84fe39adf418d7bec0a4bc8061f2ecf4bc1a91ad5406e,NASA MAST (SPOC Pipeline),2026-09-30,True,,,,,,,,,,N/A (Observational Control),Field star observed in SPOC 120s cadence; zero TOI or confirmed exoplanet records,acquired_and_validated,
TIC 300378592,300378592,control_star,5,120.00109238288132,NASA/Ames,pdcsap_flux,1437.988713958674,1464.287567510604,26.29885355193005,18944,16901,2043,0.8921558277027027,1,1.6305640569082698,True,0,0,0,False,0,0,0,0,False,tess2018319095959-s0005-0000000300378592-0125-s_lc.fits,1923840,8a5da85bb36e0fdb01d79218bb385548fe1315b7535258a4689002dd40aa7060,NASA MAST (SPOC Pipeline),2026-09-30,True,,,,,,,,,,N/A (Observational Control),Field star observed in SPOC 120s cadence; zero TOI or confirmed exoplanet records,acquired_and_validated,
TIC 311127875,311127875,control_star,5,119.99757701269118,NASA/Ames,pdcsap_flux,1437.993688096217,1464.011203239809,26.017515143591936,18944,17279,1665,0.912109375,1,1.3708112633394194,True,0,0,0,False,0,0,0,0,False,tess2018319095959-s0005-0000000311127875-0125-s_lc.fits,1923840,2e8930f74ca2f3ec6ca12edf86f4e0266fd48a610a190cc2214ba000f6969a58,NASA MAST (SPOC Pipeline),2026-09-30,True,,,,,,,,,,N/A (Observational Control),Expansion field star observed in SPOC 120s cadence; zero TOI or confirmed exoplanet records,acquired_and_validated,
TIC 354572272,354572272,control_star,5,120.0012590517872,NASA/Ames,pdcsap_flux,1437.988699802874,1464.290350102599,26.301650299725,18944,17071,1873,0.9011296452702704,1,1.5222348168886128,True,0,0,0,False,0,0,0,0,False,tess2018319095959-s0005-0000000354572272-0125-s_lc.fits,1923840,1828e87a31d6b75c0d974979947c833f3852c3303d15e14e3def51c954084d7b,NASA MAST (SPOC Pipeline),2026-09-30,True,,,,,,,,,,N/A (Observational Control),Field star observed in SPOC 120s cadence; zero TOI or confirmed exoplanet records,acquired_and_validated,
TIC 382032265,382032265,control_star,5,119.9996800191002,NASA/Ames,pdcsap_flux,1437.990627225609,1464.187768585208,26.197141359599076,18944,17171,1773,0.9064083614864864,1,1.4888811273260671,True,0,0,0,False,0,0,0,0,False,tess2018319095959-s0005-0000000382032265-0125-s_lc.fits,1923840,4689250df88560648d6395542743bad233d63e44704970e81f01c01c3b0b9099,NASA MAST (SPOC Pipeline),2026-09-30,True,,,,,,,,,,N/A (Observational Control),Expansion field star observed in SPOC 120s cadence; zero TOI or confirmed exoplanet records,acquired_and_validated,
TIC 401946845,401946845,control_star,5,119.99769841931992,NASA/Ames,pdcsap_flux,1437.99053699552,1464.00808929421,26.01755229869013,18944,17273,1671,0.911792652027027,1,1.4194219331093336,True,0,0,0,False,0,0,0,0,False,tess2018319095959-s0005-0000000401946845-0125-s_lc.fits,1923840,f40cac27c1ba1946ebad5ae3fe00ef5b76e16ec98ce08043b2f639c7be666b14,NASA MAST (SPOC Pipeline),2026-09-30,True,,,,,,,,,,N/A (Observational Control),Field star observed in SPOC 120s cadence; zero TOI or confirmed exoplanet records,acquired_and_validated,
TIC 407963329,407963329,control_star,5,119.9985426668718,NASA/Ames,pdcsap_flux,1437.993568413816,1464.011305382612,26.017736968795816,18944,16916,2028,0.8929476351351351,1,1.594431417251144,True,0,0,0,False,0,0,0,0,False,tess2018319095959-s0005-0000000407963329-0125-s_lc.fits,1923840,05f16452e24b47ae15a5fed22f3728f00757d3ad0c2be316d5cff7d2b37ed930,NASA MAST (SPOC Pipeline),2026-09-30,True,,,,,,,,,,N/A (Observational Control),Field star observed in SPOC 120s cadence; zero TOI or confirmed exoplanet records,acquired_and_validated,
HATS-45,4616072,confirmed_planet_host,6,120.00164008786668,NASA/Ames,pdcsap_flux,1468.273761959596,1490.049042418324,21.775280458728048,15678,14560,1118,0.9286898839137644,1,1.26668411015703,True,0,0,0,True,6,5,5,1,True,tess2018349182500-s0006-0000000004616072-0126-s_lc.fits,1598400,b2fa9fb2fa73a4915ece5a893bbe26fe65a7ecddd805199950328f514de90173,NASA MAST (SPOC Pipeline),2026-09-30,True,HATS-45 b,TOI-466.01,4.1876154,7e-06,2459201.891355,0.001258,3.0070217,0.0769377,10906.185708,NASA Exoplanet Archive TOI Table (TOI-466.01),Expansion single-planet host in NASA Exoplanet Archive TOI table with SPOC 120s cadence data,acquired_and_validated,
HATS-6,33521996,confirmed_planet_host,6,119.99886406047152,NASA/Ames,pdcsap_flux,1468.274207769927,1490.048989644417,21.77478187448992,15678,14573,1105,0.929519071310116,1,1.2486022834164032,True,0,0,0,True,7,7,7,0,True,tess2018349182500-s0006-0000000033521996-0126-s_lc.fits,1598400,6fc4220ed63190c4b40ed459a73683be8c253b9053c67d5119cd2c507597b3be,NASA MAST (SPOC Pipeline),2026-09-30,True,HATS-6 b,TOI-468.01,3.3252703,1.8e-06,2459220.820401,0.000571,2.0538144,0.0301296,34741.7763037,NASA Exoplanet Archive TOI Table (TOI-468.01),Expansion single-planet host in NASA Exoplanet Archive TOI table with SPOC 120s cadence data,acquired_and_validated,
TOI-469,33692729,confirmed_planet_host,6,119.99979079773766,NASA/Ames,pdcsap_flux,1468.274432394783,1490.04938458582,21.774952191037077,15678,14621,1057,0.9325806863120296,1,1.1805561551032042,True,0,0,0,True,2,2,2,0,False,tess2018349182500-s0006-0000000033692729-0126-s_lc.fits,1598400,3e974beaf8c8dc52c2769ad027e0f4e1e92d06ceb342cfda78130ed595fb6dee,NASA MAST (SPOC Pipeline),2026-09-30,True,TOI-469.01,TOI-469.01,13.6308024,3.53e-05,2458474.569581,0.00121,4.3426564,0.1637294,1179.1033339,NASA Exoplanet Archive TOI Table (TOI-469.01),Expansion single-planet host in NASA Exoplanet Archive TOI table with SPOC 120s cadence data,acquired_and_validated,
TOI-470,37770169,confirmed_planet_host,6,120.00007235110388,NASA/Ames,pdcsap_flux,1468.273713105207,1490.048715024213,21.775001919005945,15678,14549,1129,0.9279882638091592,1,1.2819464288595557,True,0,0,0,True,2,2,2,0,False,tess2018349182500-s0006-0000000037770169-0126-s_lc.fits,1598400,25ce7cb8b219fc9b3031a26885f45dea257188c83723b699087a6691485a91ec,NASA MAST (SPOC Pipeline),2026-09-30,True,TOI-470 b,TOI-470.01,12.1914558,4.08e-05,2458474.494915,0.001606,3.3188127,0.1826303,2625.0570737,NASA Exoplanet Archive TOI Table (TOI-470.01),Expansion single-planet host in NASA Exoplanet Archive TOI table with SPOC 120s cadence data,acquired_and_validated,
TIC 4205592,4205592,control_star,6,119.9971743277274,NASA/Ames,pdcsap_flux,1468.275151632899,1490.049622910845,21.77447127794608,15678,14680,998,0.9363439214185484,1,1.0972009506181166,True,0,0,0,False,0,0,0,0,False,tess2018349182500-s0006-0000000004205592-0126-s_lc.fits,1598400,86f0731be3f47ab2a348a50f52e2431750fae23b8a4908fa9246d8657cb73d68,NASA MAST (SPOC Pipeline),2026-09-30,True,,,,,,,,,,N/A (Observational Control),Expansion field star observed in SPOC 120s cadence; zero TOI or confirmed exoplanet records,acquired_and_validated,
TIC 4290207,4290207,control_star,6,119.9972547350626,NASA/Ames,pdcsap_flux,1468.275086508306,1490.049571432921,21.77448492461508,15678,14682,996,0.9364714887102948,1,1.0972014507383392,True,0,0,0,False,0,0,0,0,False,tess2018349182500-s0006-0000000004290207-0126-s_lc.fits,1598400,6517f1ef79acdee8714afeaf2194d492f8e96b9e8ef3acd7ffd723967fff716e,NASA MAST (SPOC Pipeline),2026-09-30,True,,,,,,,,,,N/A (Observational Control),Expansion field star observed in SPOC 120s cadence; zero TOI or confirmed exoplanet records,acquired_and_validated,
TIC 4293841,4293841,control_star,6,119.99725479399784,NASA/Ames,pdcsap_flux,1468.275144459387,1490.04963254072,21.774488081332947,15678,14612,1066,0.9320066334991708,1,1.193033631621347,True,0,0,0,False,0,0,0,0,False,tess2018349182500-s0006-0000000004293841-0126-s_lc.fits,1598400,2a0d680512d83e8cafea411ba0c6e79532aff4da199459a413517d73f94abfe7,NASA MAST (SPOC Pipeline),2026-09-30,True,,,,,,,,,,N/A (Observational Control),Expansion field star observed in SPOC 120s cadence; zero TOI or confirmed exoplanet records,acquired_and_validated,
TIC 4294111,4294111,control_star,6,119.99725477435275,NASA/Ames,pdcsap_flux,1468.275162987118,1490.049649763203,21.77448677608504,15678,14619,1059,0.9324531190202832,1,1.18608926960178,True,0,0,0,False,0,0,0,0,False,tess2018349182500-s0006-0000000004294111-0126-s_lc.fits,1598400,63a7ff081c07d019ec93e3b5dc3f0eb00fec2cc1febde9a8f89d1ac9a61daa74,NASA MAST (SPOC Pipeline),2026-09-30,True,,,,,,,,,,N/A (Observational Control),Expansion field star observed in SPOC 120s cadence; zero TOI or confirmed exoplanet records,acquired_and_validated,
