threshold,f1,recall,specificity,precision,tp,fp,fn,tn
0.05,0.8547008547008548,1.0,0.66,0.746268656716418,300,102,0,198
0.06,0.860832137733142,1.0,0.6766666666666666,0.7556675062972292,300,97,0,203
0.07,0.8708272859216255,1.0,0.7033333333333334,0.7712082262210797,300,89,0,211
0.08,0.8759124087591241,1.0,0.7166666666666667,0.7792207792207793,300,85,0,215
0.09,0.8797653958944281,1.0,0.7266666666666667,0.7853403141361257,300,82,0,218
0.1,0.881057268722467,1.0,0.73,0.7874015748031497,300,81,0,219
0.11,0.8836524300441825,1.0,0.7366666666666667,0.7915567282321899,300,79,0,221
0.12,0.8836524300441825,1.0,0.7366666666666667,0.7915567282321899,300,79,0,221
0.13,0.8902077151335311,1.0,0.7533333333333333,0.8021390374331551,300,74,0,226
0.14,0.8941877794336811,1.0,0.7633333333333333,0.8086253369272237,300,71,0,229
0.15,0.8955223880597014,1.0,0.7666666666666667,0.8108108108108109,300,70,0,230
0.16,0.9009009009009009,1.0,0.78,0.819672131147541,300,66,0,234
0.17,0.904977375565611,1.0,0.79,0.8264462809917356,300,63,0,237
0.18,0.9104704097116844,1.0,0.8033333333333333,0.8356545961002786,300,59,0,241
0.19,0.9146341463414633,1.0,0.8133333333333334,0.8426966292134831,300,56,0,244
0.2,0.9216589861751151,1.0,0.83,0.8547008547008547,300,51,0,249
0.21,0.9216589861751151,1.0,0.83,0.8547008547008547,300,51,0,249
0.22,0.9244992295839752,1.0,0.8366666666666667,0.8595988538681948,300,49,0,251
0.23,0.9259259259259259,1.0,0.84,0.8620689655172413,300,48,0,252
0.24,0.9331259720062208,1.0,0.8566666666666667,0.8746355685131195,300,43,0,257
0.25,0.9331259720062208,1.0,0.8566666666666667,0.8746355685131195,300,43,0,257
0.26,0.9345794392523363,1.0,0.86,0.8771929824561403,300,42,0,258
0.27,0.9360374414976599,1.0,0.8633333333333333,0.8797653958944281,300,41,0,259
0.28,0.9389671361502347,1.0,0.87,0.8849557522123894,300,39,0,261
0.29,0.9404388714733541,1.0,0.8733333333333333,0.8875739644970414,300,38,0,262
0.3,0.9448818897637796,1.0,0.8833333333333333,0.8955223880597015,300,35,0,265
0.31,0.9448818897637796,1.0,0.8833333333333333,0.8955223880597015,300,35,0,265
0.32,0.9445324881141046,0.9933333333333333,0.89,0.9003021148036254,298,33,2,267
0.33,0.946031746031746,0.9933333333333333,0.8933333333333333,0.9030303030303031,298,32,2,268
0.34,0.9505582137161085,0.9933333333333333,0.9033333333333333,0.9113149847094801,298,29,2,271
0.35,0.9551282051282051,0.9933333333333333,0.9133333333333333,0.9197530864197531,298,26,2,274
0.36,0.956661316211878,0.9933333333333333,0.9166666666666666,0.9226006191950464,298,25,2,275
0.37,0.9581993569131833,0.9933333333333333,0.92,0.9254658385093167,298,24,2,276
0.38,0.9597423510466988,0.9933333333333333,0.9233333333333333,0.9283489096573209,298,23,2,277
0.39,0.9611650485436893,0.99,0.93,0.9339622641509434,297,21,3,279
0.4,0.9627228525121556,0.99,0.9333333333333333,0.9369085173501577,297,20,3,280
0.41,0.9627228525121556,0.99,0.9333333333333333,0.9369085173501577,297,20,3,280
0.42,0.9642857142857144,0.99,0.9366666666666666,0.939873417721519,297,19,3,281
0.43,0.9690048939641109,0.99,0.9466666666666667,0.9488817891373802,297,16,3,284
0.44,0.9673202614379085,0.9866666666666667,0.9466666666666667,0.9487179487179487,296,16,4,284
0.45,0.9673202614379085,0.9866666666666667,0.9466666666666667,0.9487179487179487,296,16,4,284
0.46,0.9656301145662848,0.9833333333333333,0.9466666666666667,0.9485530546623794,295,16,5,284
0.47,0.9656301145662848,0.9833333333333333,0.9466666666666667,0.9485530546623794,295,16,5,284
0.48,0.9656301145662848,0.9833333333333333,0.9466666666666667,0.9485530546623794,295,16,5,284
0.49,0.9672131147540983,0.9833333333333333,0.95,0.9516129032258065,295,15,5,285
0.5,0.9672131147540983,0.9833333333333333,0.95,0.9516129032258065,295,15,5,285
0.51,0.9672131147540983,0.9833333333333333,0.95,0.9516129032258065,295,15,5,285
0.52,0.9686985172981878,0.98,0.9566666666666667,0.9576547231270358,294,13,6,287
0.53,0.9686985172981878,0.98,0.9566666666666667,0.9576547231270358,294,13,6,287
0.54,0.9686985172981878,0.98,0.9566666666666667,0.9576547231270358,294,13,6,287
0.55,0.9702970297029702,0.98,0.96,0.9607843137254902,294,12,6,288
0.56,0.9701986754966887,0.9766666666666667,0.9633333333333334,0.9638157894736842,293,11,7,289
0.57,0.9701986754966887,0.9766666666666667,0.9633333333333334,0.9638157894736842,293,11,7,289
0.58,0.9683860232945091,0.97,0.9666666666666667,0.9667774086378738,291,10,9,290
0.59,0.9683860232945091,0.97,0.9666666666666667,0.9667774086378738,291,10,9,290
0.6,0.9683860232945091,0.97,0.9666666666666667,0.9667774086378738,291,10,9,290
0.61,0.9649415692821369,0.9633333333333334,0.9666666666666667,0.9665551839464883,289,10,11,290
0.62,0.9665551839464883,0.9633333333333334,0.97,0.9697986577181208,289,9,11,291
0.63,0.964824120603015,0.96,0.97,0.9696969696969697,288,9,12,291
0.64,0.964824120603015,0.96,0.97,0.9696969696969697,288,9,12,291
0.65,0.9680672268907563,0.96,0.9766666666666667,0.976271186440678,288,7,12,293
0.66,0.9663299663299664,0.9566666666666667,0.9766666666666667,0.9761904761904762,287,7,13,293
0.67,0.9645868465430016,0.9533333333333334,0.9766666666666667,0.9761092150170648,286,7,14,293
0.68,0.9593220338983052,0.9433333333333334,0.9766666666666667,0.9758620689655172,283,7,17,293
0.69,0.9593220338983052,0.9433333333333334,0.9766666666666667,0.9758620689655172,283,7,17,293
0.7,0.9504273504273504,0.9266666666666666,0.9766666666666667,0.9754385964912281,278,7,22,293
0.71,0.9486301369863013,0.9233333333333333,0.9766666666666667,0.9753521126760564,277,7,23,293
0.72,0.9432013769363167,0.9133333333333333,0.9766666666666667,0.9750889679715302,274,7,26,293
0.73,0.9413793103448276,0.91,0.9766666666666667,0.975,273,7,27,293
0.74,0.9377162629757785,0.9033333333333333,0.9766666666666667,0.9748201438848921,271,7,29,293
0.75,0.9321739130434783,0.8933333333333333,0.9766666666666667,0.9745454545454545,268,7,32,293
0.76,0.9265734265734267,0.8833333333333333,0.9766666666666667,0.9742647058823529,265,7,35,293
0.77,0.9298245614035088,0.8833333333333333,0.9833333333333333,0.9814814814814815,265,5,35,295
0.78,0.9298245614035088,0.8833333333333333,0.9833333333333333,0.9814814814814815,265,5,35,295
0.79,0.9222614840989398,0.87,0.9833333333333333,0.981203007518797,261,5,39,295
0.8,0.912655971479501,0.8533333333333334,0.9833333333333333,0.9808429118773946,256,5,44,295
0.81,0.9028776978417266,0.8366666666666667,0.9833333333333333,0.98046875,251,5,49,295
0.82,0.8989169675090252,0.83,0.9833333333333333,0.9803149606299213,249,5,51,295
0.83,0.8925318761384335,0.8166666666666667,0.9866666666666667,0.9839357429718876,245,4,55,296
0.84,0.8864468864468864,0.8066666666666666,0.9866666666666667,0.983739837398374,242,4,58,296
0.85,0.8761552680221811,0.79,0.9866666666666667,0.983402489626556,237,4,63,296
0.86,0.8736059479553904,0.7833333333333333,0.99,0.9873949579831933,235,3,65,297
0.87,0.8672897196261682,0.7733333333333333,0.99,0.9872340425531915,232,3,68,297
0.88,0.8538899430740039,0.75,0.9933333333333333,0.9911894273127754,225,2,75,298
0.89,0.8249027237354085,0.7066666666666667,0.9933333333333333,0.9906542056074766,212,2,88,298
0.9,0.8156862745098039,0.6933333333333334,0.9933333333333333,0.9904761904761905,208,2,92,298
0.91,0.782258064516129,0.6466666666666666,0.9933333333333333,0.9897959183673469,194,2,106,298
0.92,0.7597535934291582,0.6166666666666667,0.9933333333333333,0.9893048128342246,185,2,115,298
0.93,0.7337526205450735,0.5833333333333334,0.9933333333333333,0.9887005649717514,175,2,125,298
0.94,0.6666666666666666,0.5033333333333333,0.9933333333333333,0.9869281045751634,151,2,149,298
0.95,0.6114942528735633,0.44333333333333336,0.9933333333333333,0.9851851851851852,133,2,167,298
