cohort,target_id,category,fits_file,sha256,n_cadences,baseline_days,search_runtime_sec,peak_period,peak_freq,max_power,df,sde_opt_a,mean_opt_a,disp_opt_a,deg_opt_a,sde_opt_b,mean_opt_b,disp_opt_b,deg_opt_b,mask_frac_opt_b,sde_opt_c,mean_opt_c,disp_opt_c,deg_opt_c,mad_zero_opt_c,mask_frac_opt_c,sde_opt_d,mean_opt_d,disp_opt_d,deg_opt_d,mask_frac_opt_d
pilot_sector_1,TIC 25155310,control_star,tess2018206045859-s0001-0000000025155310-0120-s_lc.fits,12ddd623b04bdd354f27b5c89287b3a25a800d65cdf2733a1d0d04ab98e2d790,18278,27.880683607256515,0.5705440920428373,3.287304241147439,0.3042006235635033,8401.189437189312,0.00025729014966424657,15.282289151526184,251.75177927194616,533.2602712273319,False,107.11923256877098,72.71797557255833,77.74954377375548,False,0.0009314703925482369,108.19179762053018,72.20131647764478,76.98354499963665,False,False,0.005721889554224884,117.10442160740428,78.09059015484874,71.07416383420497,False,0.19880239520958085
pilot_sector_1,TIC 97409519,control_star,tess2018206045859-s0001-0000000097409519-0120-s_lc.fits,29e9b7a3289f66231c1cf69896e8d5908120fb0f3b2150ed532fdd6ee25174b4,17477,27.690583692433847,0.5026109209866263,3.372829454141772,0.29648697439238103,3970.029781193226,0.000260834944971311,17.07760678085104,121.08531070994037,225.37961670361628,False,88.17495941739065,46.37162938945639,44.49855353185352,False,0.0009442870632672333,88.85649230212358,46.15136619356776,44.159726693441414,False,False,0.0058006205314987186,86.03687114134223,53.295393488520524,45.52390545758289,False,0.16241737488196412
pilot_sector_1,TIC 197712257,control_star,tess2018206045859-s0001-0000000197712257-0120-s_lc.fits,85332b3d74f7ec858d6230e693e7985de6b7cabbe26926658d829261b034799e,18064,27.584751205652083,0.540218887035735,0.9762411854690649,1.0243370335984334,14.413129167624792,0.0002628402387935269,5.3191978253545145,4.196955284955585,1.920623037175407,False,7.027331697842967,3.7559840582438495,1.516527974999692,False,0.0009514747859181732,7.035744621401771,3.7529820539980396,1.5151412803131095,False,False,0.004213674051923339,6.509962711397002,4.004253419278434,1.59891480332499,False,0.03099089302704907
pilot_sector_1,TIC 231663901,control_star,tess2018206045859-s0001-0000000231663901-0120-s_lc.fits,9c59e545b60333877c5528012726adecbabf95e3e3aba1bfce91f297eabc5060,18276,27.88002124610125,0.5673154219985008,1.4304531035898156,0.6990791921038408,4563.1116570804725,0.0002573023749794512,16.23723748024375,105.81796040021648,274.5105934493818,False,157.09541703758617,34.56655661010896,28.826716818778216,False,0.0009314703925482369,157.57310675741164,34.53545862368711,28.739524730121996,False,False,0.004923486360612109,187.1411188511275,35.63817430297716,24.19283111361081,False,0.18216899534264805
pilot_sector_1,TIC 238176110,control_star,tess2018206045859-s0001-0000000238176110-0120-s_lc.fits,51399ff4fdae37760c8d3679980dac1966b12bf825b8ae860d8ffc16de6879ba,18276,27.88042210293702,0.5219710299861617,2.797759437875393,0.35742887199744233,17743.01238228828,0.00025729497619096653,17.06049701521922,466.4858928566289,1012.6625545562781,False,122.63976336841412,139.4020751402922,143.53917378547226,False,0.0009314703925482369,123.98177854200166,138.29630183631554,141.99438246070946,False,False,0.005721889554224884,127.53887083865939,156.45958181457507,137.89170850290213,False,0.18948769128409848
pilot_sector_1,TIC 265591866,control_star,tess2018206045859-s0001-0000000265591866-0120-s_lc.fits,7aeca9679d5d3f311d9d29b9111369ce0b951eee0d73dc4b48bfacaa38ab4759,18274,27.87888432406544,0.5174512730445713,2.281518795378724,0.43830451978985496,209320786.29485938,0.0002573233613791803,8.412948673247497,10219723.972129127,23666026.0338751,False,70.88144863712942,3067930.841876391,2909828.444800474,False,0.0007985094490284802,71.3909439034187,3051010.0427347347,2889298.907872361,False,False,0.005589566143199361,90.94549642957787,2951627.079834789,2269152.0450913487,False,0.1783337769496939
pilot_sector_1,TIC 277891181,control_star,tess2018206045859-s0001-0000000277891181-0120-s_lc.fits,48f95fc3d5b1951014f6247852937c9282c837f9a14beb29ce15e271d39c9a11,18276,27.8801607405278,0.5446688939700834,0.6991353306786801,1.430338242281731,16.05525498294719,0.00025729980023414534,4.3252327839031475,5.116926977456787,2.528957064738493,False,6.074805679474447,4.429023686844935,1.9138441473749463,False,0.0009314703925482369,6.0591712898606795,4.432751777474629,1.918167130366734,False,False,0.004125083166999334,5.686973062177762,4.769534357977801,1.9844863869722025,False,0.044976713240186296
pilot_sector_1,TIC 306573321,control_star,tess2018206045859-s0001-0000000306573321-0120-s_lc.fits,474d88615b1eacb3d2e19f5bad584975bd049580600994040fae4de5030d9134,18278,27.88003022736143,0.5425772540038452,0.5533962822453228,1.8070233430962876,16.640130867661,0.00025730220920494595,5.5125671606774524,4.879235151135612,2.133469828797526,False,6.944313897304074,4.486938391424111,1.7500926161985577,False,0.0007984031936127744,6.967622700054615,4.480577182715579,1.7451509945924757,False,False,0.003992015968063872,6.829896024409971,4.682164943909639,1.7508269351412857,False,0.025681969394544243
pilot_sector_1,TIC 370041901,control_star,tess2018206045859-s0001-0000000370041901-0120-s_lc.fits,7eebde94b6248dd748dc39bdf1d24f07e6518e09821d7f141f842303e3fd301b,18276,27.880709719911692,0.5429097830201499,0.5508053768614458,1.8155233082474944,15.282953133408459,0.00025728966771620954,4.345305821929888,4.954394561301163,2.376946294546434,False,5.0617668668345575,4.487720713776768,2.132700439122087,False,0.0007984031936127744,5.061318171527199,4.487720713776768,2.132889506998598,False,False,0.003992015968063872,5.055766177425598,4.761550898631206,2.0810697855759543,False,0.025681969394544243
pilot_sector_1,TIC 410153553,control_star,tess2018206045859-s0001-0000000410153553-0120-s_lc.fits,8484c32c7ed43da7f8f190685b89f49b81369f56a42944b27371aa6936c11bdb,18275,27.88022872474744,0.5363084099953994,0.9253498979895729,1.0806722972279057,181.52267787977402,0.0002572985454161181,16.80480486054094,8.304846392593173,10.307637186190155,False,63.41875108612491,6.1230880932262615,2.7657370538304815,False,0.0006653359946773121,63.6363617050508,6.119632753825248,2.756333649917435,False,False,0.00385894876912841,68.52446333670407,6.317675475681618,2.556824145315802,False,0.08063872255489021
stage2_validated,TIC 25155310,control_star,tess2018206045859-s0001-0000000025155310-0120-s_lc.fits,12ddd623b04bdd354f27b5c89287b3a25a800d65cdf2733a1d0d04ab98e2d790,18278,27.880683607256515,0.5234400680055842,3.287304241147439,0.3042006235635033,8401.189437189312,0.00025729014966424657,15.282289151526184,251.75177927194616,533.2602712273319,False,107.11923256877098,72.71797557255833,77.74954377375548,False,0.0009314703925482369,108.19179762053018,72.20131647764478,76.98354499963665,False,False,0.005721889554224884,117.10442160740428,78.09059015484874,71.07416383420497,False,0.19880239520958085
stage2_validated,TIC 92352620,control_star,tess2018206045859-s0001-0000000092352620-0120-s_lc.fits,32cd51c56f4d6449df0ee6699bdb23ace33f9ee1b3f134faaa778e574958f623,18181,27.743993984281587,0.5122537279967219,3.9501976041071134,0.2531518926952607,45260.975718588306,0.00025983163874832016,14.898100478080618,1550.8483019067553,2933.9396308268756,False,82.58790074811418,485.09261375856846,542.1603249293408,False,0.0009406073636119323,83.28166584459889,481.3761592703973,537.6885669275073,False,False,0.005778016662187584,81.648371319824,566.0100079212746,547.4079272885045,False,0.18624025799516258
stage2_validated,TIC 97409519,control_star,tess2018206045859-s0001-0000000097409519-0120-s_lc.fits,29e9b7a3289f66231c1cf69896e8d5908120fb0f3b2150ed532fdd6ee25174b4,17477,27.690583692433847,0.4985272309859283,3.372829454141772,0.29648697439238103,3970.029781193226,0.000260834944971311,17.07760678085104,121.08531070994037,225.37961670361628,False,88.17495941739065,46.37162938945639,44.49855353185352,False,0.0009442870632672333,88.85649230212358,46.15136619356776,44.159726693441414,False,False,0.0058006205314987186,86.03687114134223,53.295393488520524,45.52390545758289,False,0.16241737488196412
stage2_validated,TIC 144065872,control_star,tess2018206045859-s0001-0000000144065872-0120-s_lc.fits,a175f9d7d95fdbf1badf827d6f16781c6244b9fb2725bf53dd67f2ec0b5d455f,18276,27.880655831608465,0.524663774005603,2.1855894148989865,0.4575424794717072,70702.16450289176,0.00025729066230661957,14.0497723468392,2050.337594135169,4886.33019909403,False,116.4344820531527,611.9632010993793,601.9711692434547,False,0.0007984031936127744,117.12152630488023,609.5950696793313,598.4601776000916,False,False,0.005588822355289421,150.37302289407754,603.9673958462072,466.16205325886534,False,0.19773785761809715
stage2_validated,TIC 149603524,control_star,tess2018206045859-s0001-0000000149603524-0120-s_lc.fits,e28e4e84b0fa99bfb68bf1fcef32b5e3b8265c7c206b335600f5da0e14fdc766,18278,27.880674144442537,0.5231050750007853,4.410044435317912,0.22675508482215825,58444.20846776208,0.00025729032431476284,16.985401760065145,1928.6958977097775,3327.2991341851866,False,67.13828142597517,833.9306694714152,858.0838915546293,False,0.0007984031936127744,67.82354488060751,828.450113901607,849.4949424316259,False,False,0.005588822355289421,68.31164781948885,955.902500565078,841.5593504508608,False,0.14717232202262143
stage2_validated,TIC 231663901,control_star,tess2018206045859-s0001-0000000231663901-0120-s_lc.fits,9c59e545b60333877c5528012726adecbabf95e3e3aba1bfce91f297eabc5060,18276,27.88002124610125,0.538685453007929,1.4304531035898156,0.6990791921038408,4563.1116570804725,0.0002573023749794512,16.23723748024375,105.81796040021648,274.5105934493818,False,157.09541703758617,34.56655661010896,28.826716818778216,False,0.0009314703925482369,157.57310675741164,34.53545862368711,28.739524730121996,False,False,0.004923486360612109,187.1411188511275,35.63817430297716,24.19283111361081,False,0.18216899534264805
stage2_validated,TIC 231670397,control_star,tess2018206045859-s0001-0000000231670397-0120-s_lc.fits,92258d48f363f69995e9522a48b5bd39ec3bdc9f2493e69393cb6a7260ba704c,18277,27.880026094566574,0.5248294140328653,4.086907125227214,0.24468380840545875,6022.443225378254,0.00025730228548725975,14.20212933994953,221.4662951832834,408.4582523746813,False,77.32913198209894,67.96699488329581,77.00172079874594,False,0.0006653359946773121,78.01803806300555,67.59122288532863,76.32660536379967,False,False,0.005455755156353959,65.34806467020852,88.56464161479545,90.8041977021035,False,0.17125748502994012
stage2_validated,TIC 238176110,control_star,tess2018206045859-s0001-0000000238176110-0120-s_lc.fits,51399ff4fdae37760c8d3679980dac1966b12bf825b8ae860d8ffc16de6879ba,18276,27.88042210293702,0.5247965749586001,2.797759437875393,0.35742887199744233,17743.01238228828,0.00025729497619096653,17.06049701521922,466.4858928566289,1012.6625545562781,False,122.63976336841412,139.4020751402922,143.53917378547226,False,0.0009314703925482369,123.98177854200166,138.29630183631554,141.99438246070946,False,False,0.005721889554224884,127.53887083865939,156.45958181457507,137.89170850290213,False,0.18948769128409848
stage2_validated,TIC 336732616,control_star,tess2018206045859-s0001-0000000336732616-0120-s_lc.fits,6b78bcbf84f01fcbe0f2efa2aadb936c27a958133125a419dc26e84d0ab8f192,18182,27.742664142731428,0.5139085970004089,3.5482572387168503,0.28182849571572444,5172.6643453808565,0.0002598565493472371,15.399393882793877,162.533549100107,325.34597364112443,False,98.3747562548166,52.244899844012124,52.05013603564725,False,0.0006719526945303051,99.03544913088041,52.01902953988388,51.70517588175702,False,False,0.005510012095148502,112.62975909295963,55.342963985661896,45.43489591566633,False,0.19795726380862788
stage2_validated,TIC 25065358,control_star,tess2018206045859-s0001-0000000025065358-0120-s_lc.fits,d4aeeca5db2b9eca060c8c6c2efd4c2f09dcb31f5dedbaf56312e293e41812f9,18277,27.88079250372016,0.5289803399937227,11.188401377475047,0.08937827364803352,61.58316238315778,0.0002572881398266169,6.758216348421361,9.383058124614694,7.723946906603014,False,13.293543951097694,6.885052683724958,4.11463714270988,False,0.0009314703925482369,13.345398866842093,6.876700057189003,4.099275178795304,False,False,0.00332667997338656,14.2461052295822,7.428280743991291,3.801381554216886,False,0.08769128409846973
stage2_validated,TIC 38610352,control_star,tess2018206045859-s0001-0000000038610352-0120-s_lc.fits,02a55d215da481cc8a464bf88622153054f38bc1c60ee88e6bd905ad881b8a4d,17687,27.058646181647646,0.49178491497877985,2.8741792334335274,0.347925414103486,25.441391963175533,0.0002731604804722121,5.501087535211385,6.124962760971393,3.511383717958214,False,8.07046213598836,5.21505961169877,2.506217365333035,False,0.0007063144511936714,8.109870254425688,5.202049167832975,2.495643229840529,False,False,0.005791778499788106,8.629276401511216,5.441134469158223,2.317721273885112,False,0.06399208927814663
stage2_validated,TIC 150358170,control_star,tess2018206045859-s0001-0000000150358170-0120-s_lc.fits,3f238f22047beaea796f955b29b63195a0d02a86e446da6729ae7d08b7381375,18279,27.880594147262173,0.5694377929903567,1.5318155069554809,0.6528201310531994,20.01373709265355,0.0002572918007919256,4.495385855102191,6.180784857094542,3.0771445836754654,False,5.833138991965711,5.386122106691177,2.507674685295474,False,0.0007984031936127744,5.8594568088701635,5.3732744066686315,2.4986040794467317,False,False,0.005588822355289421,5.050913709412295,5.991200338387877,2.776237639565076,False,0.01889554224883566
stage2_validated,TIC 165096948,control_star,tess2018206045859-s0001-0000000165096948-0120-s_lc.fits,74a972ca4763bcf29ed6ebcb4ce6d2b053b89048d5f2754889706f31474be777,18154,27.735926932446546,0.5246294729877263,5.512063143774363,0.18142027293890073,2678.467142740648,0.0002599828058700293,7.267645258404087,157.33830417903516,346.89761936938993,False,54.770355563972615,56.73021535045268,47.867809153219135,False,0.0008067769261799112,55.10488231916189,56.53891742677092,47.58068822519092,False,False,0.004840661557079467,72.71792796050194,55.475848872476945,36.07076504287768,False,0.16780960064542155
stage2_validated,TIC 197712257,control_star,tess2018206045859-s0001-0000000197712257-0120-s_lc.fits,85332b3d74f7ec858d6230e693e7985de6b7cabbe26926658d829261b034799e,18064,27.584751205652083,0.5286118549993262,0.9762411854690649,1.0243370335984334,14.413129167624792,0.0002628402387935269,5.3191978253545145,4.196955284955585,1.920623037175407,False,7.027331697842967,3.7559840582438495,1.516527974999692,False,0.0009514747859181732,7.035744621401771,3.7529820539980396,1.5151412803131095,False,False,0.004213674051923339,6.509962711397002,4.004253419278434,1.59891480332499,False,0.03099089302704907
stage2_validated,TIC 238877488,control_star,tess2018206045859-s0001-0000000238877488-0120-s_lc.fits,9f54bc75c320f40d9c9370e98fa1a26951423cbf248285ac3995325d771b7513,18274,27.8805618757126,0.5581986359902658,8.31796231002699,0.12022175176179119,97.90112397764703,0.0002572923964191398,5.572383607355262,18.36748934193909,14.272821155156583,False,8.337832471846518,14.112401661197548,10.049221137432307,False,0.0007984031936127744,8.350768132762655,14.090184900658247,10.036314952653573,False,False,0.0031936127744510976,8.565140257161964,15.737639363629812,9.592777484912064,False,0.06014637391882901
stage2_validated,TIC 265591866,control_star,tess2018206045859-s0001-0000000265591866-0120-s_lc.fits,7aeca9679d5d3f311d9d29b9111369ce0b951eee0d73dc4b48bfacaa38ab4759,18274,27.87888432406544,0.5361682979855686,2.281518795378724,0.43830451978985496,209320786.29485938,0.0002573233613791803,8.412948673247497,10219723.972129127,23666026.0338751,False,70.88144863712942,3067930.841876391,2909828.444800474,False,0.0007985094490284802,71.3909439034187,3051010.0427347347,2889298.907872361,False,False,0.005589566143199361,90.94549642957787,2951627.079834789,2269152.0450913487,False,0.1783337769496939
stage2_validated,TIC 277891181,control_star,tess2018206045859-s0001-0000000277891181-0120-s_lc.fits,48f95fc3d5b1951014f6247852937c9282c837f9a14beb29ce15e271d39c9a11,18276,27.8801607405278,0.544552575040143,0.6991353306786801,1.430338242281731,16.05525498294719,0.00025729980023414534,4.3252327839031475,5.116926977456787,2.528957064738493,False,6.074805679474447,4.429023686844935,1.9138441473749463,False,0.0009314703925482369,6.0591712898606795,4.432751777474629,1.918167130366734,False,False,0.004125083166999334,5.686973062177762,4.769534357977801,1.9844863869722025,False,0.044976713240186296
stage2_validated,TIC 306573321,control_star,tess2018206045859-s0001-0000000306573321-0120-s_lc.fits,474d88615b1eacb3d2e19f5bad584975bd049580600994040fae4de5030d9134,18278,27.88003022736143,0.5595971980364993,0.5533962822453228,1.8070233430962876,16.640130867661,0.00025730220920494595,5.5125671606774524,4.879235151135612,2.133469828797526,False,6.944313897304074,4.486938391424111,1.7500926161985577,False,0.0007984031936127744,6.967622700054615,4.480577182715579,1.7451509945924757,False,False,0.003992015968063872,6.829896024409971,4.682164943909639,1.7508269351412857,False,0.025681969394544243
stage2_validated,TIC 370041901,control_star,tess2018206045859-s0001-0000000370041901-0120-s_lc.fits,7eebde94b6248dd748dc39bdf1d24f07e6518e09821d7f141f842303e3fd301b,18276,27.880709719911692,0.5520202610059641,0.5508053768614458,1.8155233082474944,15.282953133408459,0.00025728966771620954,4.345305821929888,4.954394561301163,2.376946294546434,False,5.0617668668345575,4.487720713776768,2.132700439122087,False,0.0007984031936127744,5.061318171527199,4.487720713776768,2.132889506998598,False,False,0.003992015968063872,5.055766177425598,4.761550898631206,2.0810697855759543,False,0.025681969394544243
stage2_validated,TIC 12421862,control_star,tess2018234235059-s0002-0000000012421862-0121-s_lc.fits,ed253793799c7092295651eebb246384765f225f3e87e33d113d98b0db328754,18297,27.405800991506567,0.5183721050270833,10.210987528589124,0.09793372063183514,74.46848867286238,0.0002662839534324224,14.022584635935806,7.8831407510353895,4.748436158565812,False,20.440553290888754,6.560027224855015,3.322241843535474,False,0.0006886103842445945,20.518218355632303,6.551098120073462,3.310101753261897,False,False,0.0031676077675251344,19.84336305018851,7.142452335151647,3.39287429088645,False,0.051370334664646744
stage2_validated,TIC 52204645,control_star,tess2018234235059-s0002-0000000052204645-0121-s_lc.fits,3dfc035bff22e9a3cacc7cae3de3dad4bf87d3043872486760e65b6b682e9028,18106,27.13990753250664,0.5215194219490513,4.3752791711801855,0.22855684423224143,48.41842273947936,0.00027152715447087417,11.856547713542128,6.1550195568802035,3.564562316426003,False,16.27226024995328,5.335712869863786,2.6476168158470346,False,0.000983008004493751,16.36309396049844,5.324029514215701,2.6336335493334144,False,False,0.006038477741890184,17.475887553361872,5.626984962589659,2.448598827740673,False,0.04507793849178486
stage2_validated,TIC 52368076,control_star,tess2018234235059-s0002-0000000052368076-0121-s_lc.fits,dfe97448caf7ad1329c9cd48f0f498e55b04e58f980f265f87f8a34e0020fbed,18298,27.405241963035678,0.5212887299712747,4.650603843593684,0.2150258404352208,113.5091248641716,0.0002662948171809898,11.316537892223183,12.142508143167838,8.957387646858297,False,17.618488074747976,9.780508656425685,5.887486813151514,False,0.0006886103842445945,17.73362931256671,9.751317346814925,5.850906528413224,False,False,0.005646605150805674,18.380910544329076,10.533759828846215,5.602299450126838,False,0.0590827709681862
stage2_validated,TIC 76923707,control_star,tess2018234235059-s0002-0000000076923707-0121-s_lc.fits,753badc1dbd336751d431db81d7054a31fb8ada171f65725678f685737122a13,18300,27.40528759667768,0.5110015490208752,4.532599322585744,0.22062395743145521,3946.6466543796173,0.00026629393034549587,18.719936419028812,145.4217188430893,203.0575772507744,False,65.02086185359178,79.22677408259733,59.47967729196413,False,0.0008263324610935132,65.78163706167742,78.74539132439179,58.79910315136501,False,False,0.005784327227654593,78.36092492198645,79.19537796843771,49.354334194772285,False,0.1649910480650048
stage2_validated,TIC 183532609,control_star,tess2018234235059-s0002-0000000183532609-0121-s_lc.fits,5ebeec50024f7fd0bac0dd0a41ffb5fc00985e064383ab13ad13d9e1d5eed0c8,18298,27.40554310269772,0.5038574489881285,8.152431094500983,0.1226627969507801,59254.845055540885,0.00026628896497160603,16.29844158305206,2607.8610109743368,3475.607392026421,False,38.57097804119782,1497.1056756410371,1497.440363534691,False,0.0009640545379424321,38.88464837572536,1490.1702727636266,1485.539337391519,False,False,0.003443051921222972,40.50988112064263,1765.1824799492172,1419.1515991957983,False,0.09103429279713537
stage2_validated,TIC 183537452,control_star,tess2018234235059-s0002-0000000183537452-0121-s_lc.fits,26df241dd91f5e63a0000ec7bcb12437c344c14aeaa1d797fcb5fa3f68ed6442,18298,27.405372949597677,0.5071352869854309,3.9217724974492087,0.25498674404250066,13794.688179445044,0.00026629227162477953,18.357369001659446,416.0806910742826,728.7867606279189,False,71.89914962016445,189.84457919825633,189.22120320086853,False,0.0008263324610935132,72.52220482142464,188.9124423932035,187.60841276894547,False,False,0.005784327227654593,86.35572744108374,198.62595553424143,157.4425070205879,False,0.16099710783638618
stage2_validated,TIC 183985250,control_star,tess2018234235059-s0002-0000000183985250-0121-s_lc.fits,d8d264184915509dc8df0ebc77ce3d96f252de99759af46b260187a2ee2ebc0b,18299,27.405446305685928,0.518136300961487,0.7918239815023025,1.2629069381085576,1197.7798386423,0.000266290846059114,17.655386318223634,23.66359691798763,66.50187203847285,False,167.6232161632839,10.18316753066098,7.08491758059806,False,0.0009640545379424321,168.38353943034116,10.165452125572166,7.053031374293174,False,False,0.004269384382316485,182.1986473283665,10.907611390810965,6.514165964758538,False,0.12367442501032916
stage2_validated,TIC 201248411,control_star,tess2018234235059-s0002-0000000201248411-0121-s_lc.fits,6767818d8d05651ed7051ce18c1e8736be409f9e82b7aac3a152da937e3e8d48,18299,27.405128039001738,0.5456775610218756,0.9808784309988093,1.0194943312003706,4205.615316166135,0.0002662970311786417,6.545273475040456,285.0895563336746,598.9857833722109,False,53.923727017918544,82.68385705792113,76.45857745956965,False,0.0009640545379424321,53.946766068569765,82.68385705792113,76.42592428743006,False,False,0.004269384382316485,71.62745446357572,80.29225099952019,57.59415989387757,False,0.1923977413579397
stage2_validated,TIC 211438925,control_star,tess2018234235059-s0002-0000000211438925-0121-s_lc.fits,7a5eb6f12249ca6dda387fbb4bd761645dfe70d39ed26c87fb852fc63f8fffbb,18299,27.405978066661646,0.5138313220231794,4.897058343485874,0.20420422422171303,13226.98256152938,0.000266280512422723,17.760097732000617,433.10140214026984,720.3722272505717,False,74.3426095965856,171.24739725747057,175.61577721198975,False,0.0009639217846323327,75.23404215584902,169.83595766215598,173.55370294765032,False,False,0.005921233819884329,66.7300203275435,214.11265500371684,195.00773179226005,False,0.1499586890663729
stage2_validated,TIC 230982885,control_star,tess2018234235059-s0002-0000000230982885-0121-s_lc.fits,d5fe2bb652aeb052f5cba4b8eb335521076580e16e51003971e07d7cee9193cf,18298,27.405620858120983,0.5059613200137392,2.072849035659937,0.482427799997325,59667.001197165206,0.00026628745393980635,15.297613187536736,1539.2339847705794,3799.7932422394133,False,131.64477931754175,427.30658589878476,449.9965355129939,False,0.0009640545379424321,132.12181865968924,426.47853457575496,448.37804431966924,False,False,0.005922049304503512,170.82414955162514,425.8261160861398,346.7962535541596,False,0.19542762704861588
stage2_validated,TIC 234523599,control_star,tess2018234235059-s0002-0000000234523599-0121-s_lc.fits,2b03eed9cd160b6810e24d0237f2427b36638a437c686e40b5fb660eaff4e22e,18296,27.405272286665877,0.5167681350139901,3.7951335304201996,0.26349534001489516,1156.2805543726802,0.00026629422787682877,19.904108841696576,38.33028374930275,56.16680854766096,False,68.7525622133185,21.280460120865705,16.508477032903166,False,0.0008263324610935132,69.43009686699091,21.1468407384128,16.349303326032707,False,False,0.005784327227654593,68.82554352829918,23.73705748983444,16.455278648357858,False,0.12574025616306295
stage2_validated,TIC 251848941,control_star,tess2018234235059-s0002-0000000251848941-0121-s_lc.fits,49647ea17936186db1ebac8b6db7a1332729f855dce4f8d1e49b00b5ef7dd5d1,18299,27.405899769441476,0.5159290439914912,6.555861736459447,0.15253524863690293,123.28045907081477,0.00026628203392384253,14.19244333215724,12.270199463734826,7.821786355528571,False,19.74552458556708,10.230027995592302,5.72536984699086,False,0.0009640545379424321,19.863334462749307,10.211243050006857,5.692358261038811,False,False,0.005095716843409998,19.61353650968727,11.239916452290355,5.712409007074617,False,0.04090345682412891
stage2_validated,TIC 262530407,control_star,tess2018234235059-s0002-0000000262530407-0121-s_lc.fits,2ef61468dd689098ac34a80afaa72e97f59074114a5b593264619d1d15fb5aba,18299,27.405828167732125,0.5072464940021746,12.04447479064929,0.08302562107368505,450.7492766188806,0.00026628342532664107,9.451573196327326,35.42928382951846,43.94189032475,False,23.563371845241612,21.693925352032252,18.208571934644056,False,0.0009640545379424321,23.715961911277557,21.63709761147134,18.093812960770325,False,False,0.003443051921222972,26.313510344881422,23.873370734756442,16.222689420347947,False,0.10177661479135106
stage2_validated,TIC 281459670,control_star,tess2018234235059-s0002-0000000281459670-0121-s_lc.fits,d54cfd98131ae80cf0677d8cbf18bbec3ac3eea0d34aed08ece0f2194e59c190,18299,27.405134736142372,0.5092485299683176,3.1731978286465163,0.31513950721015593,4923.347576171857,0.0002662969010256422,16.024185139628113,153.2273011315635,297.6825488145226,False,85.10151118452644,57.62778005708832,57.175480533646244,False,0.0006886103842445945,85.75781781403896,57.328029493452775,56.7414105292429,False,False,0.005646605150805674,97.57604330161402,60.73047327671539,49.8341287303941,False,0.17986503236468807
stage2_validated,TIC 281541555,control_star,tess2018234235059-s0002-0000000281541555-0121-s_lc.fits,3bc1ad08a44a70a296d526c75a78fdcf63cbdab101f34733ca3d6d99668dcf5b,18299,27.405243494595652,0.5166842989856377,4.744613507227694,0.21076532334544273,353.6524635350093,0.00026629478741702073,17.82846322711623,19.228697695045867,18.757857117562498,False,31.56463072722087,14.049697086265006,10.758965291992975,False,0.0009640545379424321,31.876296929776156,13.983063640918353,10.65586133302706,False,False,0.005922049304503512,33.99934525717492,15.871055991417807,9.93493859921638,False,0.06293898911995593
stage2_validated,TIC 307210830,control_star,tess2018234235059-s0002-0000000307210830-0121-s_lc.fits,516d3ee2210ba33214026ac1255d06e112723c6053f5a33872f457b0526ba8d4,17578,26.363512708946928,0.4582153749652207,3.6916994829135064,0.2708779532647103,410.0080516957507,0.00028775537472713886,20.826826189633366,19.551596849923474,18.747765564019467,False,43.39527073449254,14.60251789357369,9.111719482553905,False,0.0010416666666666667,43.729369549917905,14.549031600735193,9.04332772608559,False,False,0.006398809523809524,45.69771640513375,15.81099572642134,8.626187192256387,False,0.07574404761904761
stage2_validated,TIC 355703913,control_star,tess2018234235059-s0002-0000000355703913-0121-s_lc.fits,36990fb9c717f118f2ccf35afae3aca3a1450b59fc457f035877068c122d728a,18299,27.404985959922215,0.5189381009549834,2.105701635714008,0.47490108904290085,288.4418769889749,0.0002662997923794652,18.639159503762723,10.810419496098874,14.895063129688333,False,64.18499416711111,7.21477577024635,4.381508557693871,False,0.0009640545379424321,64.59524024111855,7.180989376491695,4.354204529042756,False,False,0.005922049304503512,72.83601691065498,7.42468786319834,3.8582174183205145,False,0.10329155763668917
stage2_validated,TIC 388104525,control_star,tess2018234235059-s0002-0000000388104525-0121-s_lc.fits,2f1194be235bddcdd31ca94d5329410fd39325afcd1f239d2a1b1b93d9a38d7f,18299,27.405607566867275,0.5133925239788368,2.4991039155234067,0.4001434249245943,9527.377268311908,0.00026628771222969583,14.137637236745466,292.274594979205,653.2281539470775,False,95.24985411535367,92.79946105118972,99.05083734653115,False,0.0009640545379424321,95.57700041120961,92.44329945218175,98.71552704381759,False,False,0.005922049304503512,119.97911508203282,92.77224578497176,78.63539430238548,False,0.19212229720424184
stage2_validated,TIC 441462736,control_star,tess2018234235059-s0002-0000000441462736-0121-s_lc.fits,65abea3ca10f6ae5d0e730c644dd6d2627ab1d240f1cf0bd01ac9aa01b436bc7,18295,27.405561101437797,0.521946894004941,14.297945761224462,0.06994011704198555,1787.0803614108797,0.00026628861519845115,13.032989681343754,120.99567098628425,127.83595561420067,False,24.44174001288456,79.19847863091366,69.87562595296609,False,0.0009640545379424321,24.59684510268553,78.92214450196707,69.4462322211564,False,False,0.003443051921222972,24.91976661627026,90.02526766651032,68.10076193235102,False,0.08965707202864619
stage2_validated,TIC 12417837,control_star,tess2018234235059-s0002-0000000012417837-0121-s_lc.fits,92b89fbceb8f95630a30c83872fa9dc2f13abcb10d248f2398ee8244be9004c1,18300,27.405773734488776,0.5262463659746572,0.953199695711615,1.049098110814488,15.543626590143564,0.00026628448310983543,4.160135090724533,5.491036225260728,2.416409598644083,False,4.8728524932428865,4.993532152632174,2.1650756824962487,False,0.0006886103842445945,4.867137404368345,4.989863025717193,2.1683718143963175,False,False,0.003993940228618648,4.8385433825870905,5.299968641668997,2.1170954021698676,False,0.02465225175595648
stage2_validated,TIC 38759751,control_star,tess2018234235059-s0002-0000000038759751-0121-s_lc.fits,a03b21dd0dce1d8acc11f10c16518298d87b125aaac82bc88d7b239cd03a909d,18290,27.40577144302779,0.5099340580054559,0.8217891109473316,1.2168572042129309,13860.631610704479,0.00026628452763932664,5.522526971950427,2423.2423014694123,2071.0427250653424,False,7.227503970545487,1896.8075923953743,1655.3189132881444,False,0.0009640545379424321,7.227503970545487,1896.8075923953743,1655.3189132881444,False,False,0.004269384382316485,7.93999134513083,2133.6308199346113,1476.9538505808835,False,0.04035256851673323
stage2_validated,TIC 38823112,control_star,tess2018234235059-s0002-0000000038823112-0121-s_lc.fits,ba877582cf1d63926d33959a77b25f352e3d2f0d61762f3e8cac99be0b41d2cb,18298,27.40498200133561,0.5248099809978157,11.61401887180883,0.08610283925294282,21.555185547504706,0.00026629986931214766,6.429066302716036,5.170273925800479,2.548567840213784,False,9.242434400959942,4.561419119013559,1.8386677893787524,False,0.0006886103842445945,9.26464718832448,4.558944681803748,1.8345265092361,False,False,0.0031676077675251344,9.456648456823505,4.746050013265132,1.7774939621564163,False,0.052609833356287015
stage2_validated,TIC 38909490,control_star,tess2018234235059-s0002-0000000038909490-0121-s_lc.fits,7d2ac7b5d5a4952d2849c190e0e949c3309609033d1a59b681a44c56c4567607,18300,27.4057604662853,0.5291043900069781,0.5709208314054766,1.7515563366959805,16.171667515944943,0.0002662847409475866,5.372872177805901,4.817721143355819,2.1131986760246533,False,6.424332279513851,4.4484736009487,1.824811265192431,False,0.0008263324610935132,6.43080907872539,4.449858472803777,1.8227580541800927,False,False,0.0041316623054675665,6.594102717920536,4.59540570741492,1.7555476921931574,False,0.03305329844374053
stage2_validated,TIC 47338708,control_star,tess2018234235059-s0002-0000000047338708-0121-s_lc.fits,ca368c6e5405f5e13d9cfe3bab48ffd272074830d335d633191da7f1b3d88a2d,18294,27.404975790811022,0.5181026400532573,0.7404696058016166,1.3504943243651728,28.986802982963304,0.00026629999001026583,6.056714997665593,7.397528007114562,3.56451888262363,False,7.652716615931809,6.641417900613551,2.919928465119172,False,0.0009640545379424321,7.650594430699073,6.6384468280449465,2.921126764378265,False,False,0.004269384382316485,7.777112391560603,7.013773425334179,2.8253455076042537,False,0.030849745214157828
stage2_validated,TIC 47389361,control_star,tess2018234235059-s0002-0000000047389361-0121-s_lc.fits,52d3fe0737d2840db04681a5eb0e1784e1b342980568491534e7abbf463ed685,18297,27.405063769129356,0.5302049080491997,0.6864588739078887,1.4567515083710365,4293.593076389107,0.00026629828021018653,6.2418422020095425,610.0385650643316,590.1389993708694,False,11.445751472738772,440.91620148925915,336.60322645272055,False,0.0006886103842445945,11.471359626536627,440.91620148925915,335.8518083582241,False,False,0.003993940228618648,11.490008473785455,499.83265021041547,330.179079922716,False,0.058118716430243765
stage2_validated,TIC 66473443,control_star,tess2018234235059-s0002-0000000066473443-0121-s_lc.fits,d96549a0606936c2cdbe7f64de7e44460807d8a9d5a74d795f9f7f9f9ec8e446,18298,27.40572603074952,0.519184366974514,0.5171446555488226,1.933694932878586,13.713898485699216,0.000266285410126077,4.005941885318223,5.281770019838943,2.1049053399311717,False,4.306601381605546,5.006269963298849,2.0219258182548745,False,0.0006886103842445945,4.314475424196761,5.002473817727678,2.019115607685579,False,False,0.0031676077675251344,4.5050332622965215,5.152184849737157,1.9004773411145854,False,0.018867924528301886
stage2_validated,TIC 77044681,control_star,tess2018234235059-s0002-0000000077044681-0121-s_lc.fits,4df9e056fed0c35226186bb51f3b636c926d90f2fdb81f48789b22d5007ac0a4,18300,27.405594274682244,0.5200155779602937,0.5464952751108441,1.8298419868262774,20.29013726609708,0.0002662879705379595,6.0952265068691505,5.213815334189599,2.4734637695443946,False,7.6156963544571035,4.679384287011583,2.049812945857442,False,0.0009640545379424321,7.66545116020264,4.667893666648975,2.038007062200775,False,False,0.004269384382316485,7.844621508336014,4.934470596828818,1.957477062844996,False,0.03319102052058945
stage2_validated,TIC 89529092,control_star,tess2018234235059-s0002-0000000089529092-0121-s_lc.fits,01cd41a8c993b5ec5b45996a10aebd241c33c32d473e5698ad2afe30ce7794c7,18299,27.40578020345538,0.5630053100176156,0.6065123906749904,1.64877093258902,14.250537445373034,0.00026628435740033707,5.175269716501479,4.5721234782336735,1.8701274517692268,False,6.161915936666166,4.269463978498771,1.619800329875063,False,0.0008263324610935132,6.1561978241759805,4.268183135509868,1.6215129199814697,False,False,0.0041316623054675665,6.329008077048404,4.385744981911108,1.5586632760409542,False,0.030712023137308912
stage2_validated,TIC 116157661,control_star,tess2018234235059-s0002-0000000116157661-0121-s_lc.fits,15c041e8dbbfa783791e6c20a0c9ea99626778a13890df37c16ba07a6b3fd7fe,18295,27.405720844679763,0.5162478769780137,0.8601913249140297,1.162532068199994,89232.91623103646,0.00026628551090612795,9.834293937922382,2333.748564955051,8836.340281734547,False,303.2445696315743,250.92179285543867,293.43310103224377,False,0.0006886103842445945,305.7842881915319,249.3212340699738,291.0012006281712,False,False,0.003993940228618648,329.0055601874871,265.82050178413425,270.4121343072547,False,0.22255887618785292
stage2_validated,TIC 175366823,control_star,tess2018234235059-s0002-0000000175366823-0121-s_lc.fits,d5bca1907b6ccc9d4ff9fe7c37fd9f860ec3971a84a81390d37cc1ccdab07fc2,18298,27.405078577623954,0.5248399139964022,5.43141779527895,0.18411398969698323,21.304090086773982,0.0002662979924186182,6.562072338071825,5.301249909278857,2.438686950256531,False,8.078231705245978,4.819347929599675,2.0406374511972922,False,0.0006886103842445945,8.104989758781134,4.812486428370664,2.0347470076116916,False,False,0.004820272689712161,8.084858346381308,5.075932245800637,2.0072284690351916,False,0.02602947252444567
stage2_validated,TIC 206365300,control_star,tess2018234235059-s0002-0000000206365300-0121-s_lc.fits,b9df824c1f55b0693474a5d849148baebc48f05e858585e7967f70950d717b85,17784,26.663451689772955,0.5510604880400933,5.374533970018404,0.1860626438642783,25.69747414425256,0.0002813178281848572,5.703752151823354,6.734612894329115,3.324629251967316,False,6.171536194901746,6.0066365478548,3.190589340246306,False,0.0010184781027207915,6.199688360491641,5.98621524591819,3.17939511668797,False,False,0.005383384257238469,6.384287543195899,6.542486850300495,3.000332795844484,False,0.017023134002618942
stage2_validated,TIC 220393258,control_star,tess2018234235059-s0002-0000000220393258-0121-s_lc.fits,b1597ed21becbd27970b8c6c6fd4851052c9747a0c2262de9003a56c4eabb964,18298,27.406070677378466,0.5273417569696903,0.5069520122574971,1.9725732925823127,24.603164291207275,0.0002662787127931665,7.2920165601591265,5.060985427909155,2.679941646055679,False,9.555190155590518,4.573833226572843,2.096172942504524,False,0.0009639217846323327,9.560500683604472,4.572469396402835,2.0951512434025084,False,False,0.003442577802258331,10.097202526320501,4.746724316675147,1.966528840317118,False,0.03263563756540898
stage2_validated,TIC 220414222,control_star,tess2018234235059-s0002-0000000220414222-0121-s_lc.fits,cf3931bcd1407c0b0d0dfc4bd81b87b9236a0e4300e54732544a14f21e7c9448,18299,27.406005704532163,0.5112185890320688,2.248916036245942,0.44465866394428594,1069.5736635646124,0.0002662799753562206,4.605670881380851,221.33899101314174,184.17179481508174,False,6.092039567530991,171.2177199916909,147.4639049228978,False,0.0008262186725419994,6.130561625610672,170.63080686540792,146.63303488278038,False,False,0.005783530707793996,5.779272785876424,201.23467620892308,150.25056257558296,False,0.03373726246213164
stage2_validated,TIC 231831914,control_star,tess2018234235059-s0002-0000000231831914-0121-s_lc.fits,aa27222be17c40bff7788472a0bd6ce33525b5665747111f6ee3beb264437856,18298,27.40544190425544,0.5137430820032023,7.623680372853241,0.13117024207374262,9237.648597718371,0.0002662909315940265,7.258135330027063,612.2755186840021,1188.373140874215,False,52.08909957858043,191.1576952749445,173.6733976135659,False,0.0009640545379424321,52.30340186439978,190.78092712084467,172.9690105827564,False,False,0.003443051921222972,76.6698277436998,177.1430425340689,118.17563468999488,False,0.21787632557498968
stage2_validated,TIC 308663672,control_star,tess2018234235059-s0002-0000000308663672-0121-s_lc.fits,67c718747d78878e8aa2f945d1fa482b1b669f0eddd819de3f8538066ec8214c,17578,26.36363523805221,0.47230042796581984,12.30542103985874,0.08126499668405329,322.82576765199315,0.0002877526999573998,4.091626460128483,49.98035837286744,66.68385101570537,False,14.736516521068836,18.957324923108164,20.62009989229432,False,0.0010416666666666667,14.809132706241407,18.890667325160184,20.523490899553998,False,False,0.003720238095238095,13.558721354598948,21.919038558194668,22.192854416300452,False,0.18303571428571427
stage2_validated,TIC 350094542,control_star,tess2018234235059-s0002-0000000350094542-0121-s_lc.fits,ac833242a638d5287b1483b6e16a96aef4ab481b6b063b6db45bdb86bcfd63bf,15944,25.412363537718647,0.40019446704536676,0.6291923651831887,1.5893390564407932,550.3718134203915,0.0003096990524579235,12.868982034196257,18.825638668439897,41.30444609678482,False,101.21700650150183,8.946080637511477,5.349157730473352,False,0.0011210762331838565,101.28362620626996,8.936934207071806,5.345729605994323,False,False,0.004964766175528507,119.86552042871361,8.929891959390089,4.517078134933787,False,0.1468609865470852
stage2_validated,TIC 389752086,control_star,tess2018234235059-s0002-0000000389752086-0121-s_lc.fits,8401699ad81113f779eb9cf1ab87fda41d2399cf9bed6b81b1a693155cc3fbed,18299,27.405119132531127,0.5259155540261418,10.625760712006063,0.09411090905426645,27.813235979409512,0.00026629720426796233,7.182322525545238,5.739002216507792,3.0734116554068254,False,9.870815025226857,4.993536900227522,2.311835347016599,False,0.0009640545379424321,9.912233092039004,4.985611581904721,2.302974938698603,False,False,0.003443051921222972,9.750153613481679,5.31066694379098,2.307919436725992,False,0.04393334251480512
stage2_validated,TIC 1528696,control_star,tess2018319095959-s0005-0000000001528696-0125-s_lc.fits,39c03e10865b884e0f48f02f046074a3f9ff7e8ce963ad649b1007ec1f75fcb5,17082,25.50007423713305,0.42538149404572323,0.8819301613304892,1.1338766308790136,318.3671754058753,0.00030757221914812227,11.913996184005915,16.0070813563379,25.378562270772274,False,61.87754741016825,7.513835639247461,5.02368553339827,False,0.0011134086209638938,61.902880522658016,7.513835639247461,5.02162964214319,False,False,0.004930809607125815,71.21447695359156,7.6802358213308315,4.3626935543879695,False,0.16208048353745824
stage2_validated,TIC 13021029,control_star,tess2018319095959-s0005-0000000013021029-0125-s_lc.fits,945064378d9bb05151cf6571c6245f04da3927e23d85d455a3b5a033af47d626,17043,25.46259384384848,0.48171656602062285,3.857182626367557,0.25925658618392533,3307.162666158149,0.0003084783650214584,14.897321443357898,124.20834356374216,213.65950481074938,False,61.09538169446404,54.0172687789802,53.24699358861592,False,0.0009572431397574984,61.64206266198567,53.66346580180975,52.78050506189104,False,False,0.006700701978302489,75.27724799925257,54.5085514908939,43.20899343583271,False,0.17868538608806636
stage2_validated,TIC 31374837,control_star,tess2018319095959-s0005-0000000031374837-0125-s_lc.fits,d0d89868a1edba22758b5799fc2a276dbbdd90a2aebd9e5adefd9e73c68afb33,17130,25.57261876368102,0.49945465102791786,12.452169796972772,0.08030728911543661,2120.815346077273,0.00030582964965497617,16.007533491514224,117.50325423458227,125.14808061495977,False,31.499479948849697,81.8633828482941,64.72970241222784,False,0.0007907638779060573,31.636398012360214,81.64843174539541,64.45635541489847,False,False,0.003637513838367863,36.659057781220625,85.48896166426093,55.52042271680127,False,0.09520797089988929
stage2_validated,TIC 32499655,control_star,tess2018319095959-s0005-0000000032499655-0125-s_lc.fits,5594d360ee7eb26ec28c91d739ec390624f959c03578344d0830fecabe64325d,17119,25.53792087622014,0.43536239699460566,2.742916236886984,0.36457547866460893,164.2815117360243,0.00030666126407941086,19.686330517016607,8.277253352785372,7.924496556043843,False,49.65607390062027,6.133207544194888,3.1848733048919913,False,0.0011102299762093576,50.33507430180579,6.107648518151613,3.1424183913879338,False,False,0.0068199841395717685,50.80841353637616,6.510908057798038,3.1052062581184665,False,0.08977002379064235
stage2_validated,TIC 43647325,control_star,tess2018319095959-s0005-0000000043647325-0125-s_lc.fits,bf5ab465bcdc09c5c0e39609ffe9d8fac9a495e46ed44951d6b395ac431d7d4d,17217,25.632236517272986,0.4239445640123449,3.161398112025323,0.31631574530148576,50501.94389816422,0.0003044086520880285,14.469428737697799,1607.0280851428274,3379.1877135849504,False,99.49537663744395,464.9950016612217,502.9072765746199,False,0.001102015113350126,100.22658602050917,462.2925066918892,499.26524865600845,False,False,0.006769521410579345,117.49987580899112,477.7595815049994,425.73818884693117,False,0.20749370277078086
stage2_validated,TIC 44647437,control_star,tess2018319095959-s0005-0000000044647437-0125-s_lc.fits,de5702daa53c2dc5d84838cb857d4a4e253b5968af3f5269c3905ff48821e8b5,17122,25.510578946163832,0.43685533199459314,3.3514886369196852,0.2983748740735963,73.94402899638526,0.00030731896801994285,14.676376071354483,6.401432516689804,4.602130399991988,False,26.175861949941297,5.416582619954639,2.6179633170239995,False,0.0009535918626827717,26.39254653082835,5.4006414439095645,2.5970736651884727,False,False,0.006675143038779402,28.03111177642352,5.618212652339904,2.437499336059621,False,0.05197075651621106
stage2_validated,TIC 70899085,control_star,tess2018319095959-s0005-0000000070899085-0125-s_lc.fits,0892a58f5b0a2301001f117e20101e0245ba32e2e1ca018b3e15adc610d17376,17013,25.419173915543524,0.4155992899904959,4.051791835741313,0.2468043869329335,1051.8098846025557,0.0003095331237759069,21.512810012097212,37.71200560548734,47.139256955591335,False,59.964846014899614,23.226486974598618,17.153106628046412,False,0.0008003841844085161,60.779326957263216,23.034906876915578,16.92639634606385,False,False,0.006563150312149832,58.8282922024019,26.3384505758377,17.431602986170812,False,0.10212902193052666
stage2_validated,TIC 78055054,control_star,tess2018319095959-s0005-0000000078055054-0125-s_lc.fits,8875844b42966fbab6720e2a84ba21dbee675230aca61c8b01bdf99add91be15,17202,25.59052294569051,0.4217504599946551,4.39072110857116,0.22775302171843537,3424.462969963038,0.0003054018573636075,15.330946194709549,125.95425874179534,215.1536290929977,False,65.49898093728599,53.744644652991084,51.4621491369071,False,0.00078976465013426,66.40132273769659,53.23694387559814,50.77046491083779,False,False,0.006476070131100932,68.40514885905186,59.934403210254295,49.185311674203966,False,0.1598483651871742
stage2_validated,TIC 117979897,control_star,tess2018319095959-s0005-0000000117979897-0125-s_lc.fits,779b5cfbf67f0ee4d124d87a3e0eccfb94fe3e65cc3a1ca459e5f6297059c1dc,17188,25.581967425652692,0.41963545698672533,3.3106866736030076,0.3020521416216364,2659.5040902827905,0.0003056061660148268,14.341513962031089,89.33072177913526,179.2121372477233,False,92.00116210730702,29.072343124824318,28.591288271879872,False,0.000948316737790422,93.26398339633779,28.816773256890407,28.206894250339296,False,False,0.006638217164532954,108.40474037134295,29.85583890248856,24.257686909007678,False,0.19883040935672514
stage2_validated,TIC 139528693,control_star,tess2018319095959-s0005-0000000139528693-0125-s_lc.fits,1f14e93192548e9c5049f40009187ac35c79055e9069d43239754582f366b2fd,16983,25.394099750940995,0.4122843240038492,2.1747571425478207,0.45982145796217844,4589.6530390692815,0.00031014469231527286,12.741793444544257,155.63039755672068,347.99046624092836,False,87.98421548478987,46.918957671177814,51.63123926681396,False,0.0009623095429029671,88.58829836155685,46.69492581373225,51.28169518184333,False,False,0.00673616680032077,114.15419075128884,46.57524062834155,39.79773119621232,False,0.19454691259021653
stage2_validated,TIC 139733308,control_star,tess2018319095959-s0005-0000000139733308-0125-s_lc.fits,c6628f1200a851e8911397f11a7a2b84b498a31dd19f9b01b1605c22ae9d50dd,17142,25.53452296306432,0.42099558003246784,4.765342111906774,0.20984852220817077,2291.648168764988,0.0003067428851597498,17.339837976112626,95.23502839906186,126.66860805687496,False,47.81852395608288,57.53893056015992,46.720581343260655,False,0.0011104060913705585,48.28147834542978,57.28423305377843,46.27786911836989,False,False,0.006821065989847715,44.5262277357404,67.99035649589388,49.94040423694379,False,0.0835977157360406
stage2_validated,TIC 152476657,control_star,tess2018319095959-s0005-0000000152476657-0125-s_lc.fits,f06f148ee2713ff7d3848f96e278fccf5e50445e9365b3590410f67fef024b13,17040,25.430085275487045,0.4171496639610268,3.613223544759344,0.27676117671999845,3940.980056573929,0.00030926755622395774,15.277846148854115,152.73402926004212,247.95681213205677,False,56.649766589277164,72.4741467626029,68.288117369641,False,0.0011196417146513116,57.25141186515869,71.82860473465199,67.58176481223015,False,False,0.006877799104286628,61.925362807646046,79.67119104445312,62.35423888469673,False,0.14795265515035189
stage2_validated,TIC 170634116,control_star,tess2018319095959-s0005-0000000170634116-0125-s_lc.fits,976e7ff68d7e8054bb0ddd8d4230f47b9ab53811f23b64f6b43f06f4055ba9b0,17240,25.631658433196662,0.4211468140129,3.66284507360027,0.27301182002139224,58094.003118992136,0.00030442238321493065,14.387881611215583,2006.1751124722136,3898.2686626222003,False,78.87379939466727,619.6803635540053,728.6871330725323,False,0.0009445843828715365,80.16996174253181,611.101606385339,717.0129592579179,False,False,0.006612090680100755,89.56577364061809,660.31936534283,641.2458846623877,False,0.19615869017632243
stage2_validated,TIC 178284730,control_star,tess2018319095959-s0005-0000000178284730-0125-s_lc.fits,138ba099d8fcb08a95aaa38b80f2367f302c5c5d07c2c83a675c6c50430c5ba5,17065,25.434247842892546,0.41735496098408476,2.2353028909763166,0.44736666517852913,22546.78548604041,0.0003091663350898166,17.634853327645654,663.2562768203092,1240.9249344259597,False,99.57186802947076,239.10603424488224,224.03596410577552,False,0.0007994883274704189,101.01214562639477,237.13079505098716,220.86111083615916,False,False,0.006555804285257435,116.0770221543665,252.08957983634565,192.06812418529466,False,0.19459545890629998
stage2_validated,TIC 189013224,control_star,tess2018319095959-s0005-0000000189013224-0125-s_lc.fits,1c8240b01cc94cb80f809efec7d991403c6d8046764b9ecf91a071d509fccc3d,17319,25.723956801063423,0.44427832699147984,12.289634803614867,0.08136938289702966,4064.3942815530786,0.00030224174812576443,6.21066010639595,245.36676037111238,614.9149133518032,False,110.89305077088989,46.50287812445216,36.23212974571124,False,0.0007814942169427947,111.56049193221634,46.40287313948445,36.016257537255285,False,False,0.003594873397936855,154.44755986073528,43.80418879787813,26.03207261015033,False,0.21209753047827445
stage2_validated,TIC 200322593,control_star,tess2018319095959-s0005-0000000200322593-0125-s_lc.fits,6d2a8bea4ff7bf7cae125a1624926202df854ffd7c63614a8271ce65bf0f2207,16990,25.352706382591123,0.4703522400232032,0.724710374581134,1.3798615765339046,5717.585352701353,0.00031115826566296967,9.14593019409236,196.96126868226744,603.6153750205779,False,114.94045721885747,60.14186170255318,49.2206454358059,False,0.001126488574187319,115.3612544971725,60.02900155752552,49.04208415384816,False,False,0.004988735114258127,137.5016527610478,63.19117083073519,41.122372483019525,False,0.15159317669777922
stage2_validated,TIC 260708537,control_star,tess2018319095959-s0005-0000000260708537-0125-s_lc.fits,6e09b8ae4c0f05241b669360d0fe55fa83c4f170edf4b122a7eadcb27abf9b35,17117,25.52253357086306,0.45986992202233523,14.28525708700324,0.07000224034538394,33.83768289988615,0.0003070311421657923,4.441353328142397,9.131764357858499,5.562700536676494,False,6.3374623664987615,7.705887384072778,4.12338472476805,False,0.0007939028262940616,6.3701990218245355,7.6854441402986655,4.105403719725075,False,False,0.0036519530009526836,6.217504705241828,8.282357253365157,4.11022216436377,False,0.048904414099714195
stage2_validated,TIC 452808876,control_star,tess2018319095959-s0005-0000000452808876-0125-s_lc.fits,bb67c5cddce520f41fd76ee457f77176e89744db25b5fd77250a7bd655508e41,17228,25.6668694592845,0.42410011403262615,2.7068699087967896,0.3694303877516236,37800.1383639934,0.0003035877140660226,11.57790166559991,1340.952539092939,3149.03225799779,False,119.18999051581544,284.46207748876327,314.75525859301615,False,0.0010990736379337415,120.69687288334099,281.7328951453341,310.8481982388335,False,False,0.0067514523473072695,158.59939688120957,269.67341740856745,236.63687053422422,False,0.2304914429266761
stage2_validated,TIC 9458628,control_star,tess2018319095959-s0005-0000000009458628-0125-s_lc.fits,d9abfb9c417648828013d40a4646b719dc8d4760da8e7acb58aeff2664bbc07f,17124,25.536259380778347,0.42300299898488447,4.164086970699411,0.24014868254109434,67653.50334903273,0.0003067011706969769,6.382552550129377,4428.5815247573855,9905.899141087957,False,96.59446609838174,558.5936785986994,694.6040739238382,False,0.0011102299762093576,97.96004126767106,552.1836507372666,684.9866417975915,False,False,0.0068199841395717685,141.7658589081594,502.52494756097946,473.6752481778732,False,0.25392545598731164
stage2_validated,TIC 37906724,control_star,tess2018319095959-s0005-0000000037906724-0125-s_lc.fits,066900a20642fb2e4193369ff99676db8ac13efd807a896b44d854b3530e7e52,17221,25.590101695802332,0.43236496299505234,0.5600355795678206,1.7856008376676709,18.114271491449266,0.00030541191215438523,5.2373604515725685,5.4201830229752375,2.4237568878159808,False,6.184744093281658,4.983158858543753,2.1231456685765755,False,0.001105670510187964,6.177169759205322,4.97971174014418,2.1263070731918523,False,False,0.004896540830832412,6.691549033721791,5.160177794117268,1.9358886308761047,False,0.030642868425209288
stage2_validated,TIC 43846130,control_star,tess2018319095959-s0005-0000000043846130-0125-s_lc.fits,3392b72681139f34f80bc645c34c1f54fa1db53ebb63e0829c7892a2c190e902,17322,25.726739430842144,0.43750611296854913,5.094003551370147,0.1963092467281511,37.28899698127275,0.0003021763701243074,5.400498794208089,7.442498866629424,5.526618790592641,False,9.993749621099525,5.679600024307739,3.1629166384385874,False,0.0010939209251445538,10.062850973775593,5.662060206615928,3.142939993554368,False,False,0.005782153461478356,10.589020432177925,6.010269279931174,2.9538830245611534,False,0.09298327863728707
stage2_validated,TIC 44669966,control_star,tess2018319095959-s0005-0000000044669966-0125-s_lc.fits,b88f011b2047d8c4f5e1e3d4c3592207cae116938e0834f6e68c5ecb7bd28c6e,17241,25.631416815058856,0.4288156569818966,0.8895528580428562,1.12416029127279,950.6646059516382,0.0003044281226023404,7.649763217651642,91.46196944620954,112.31754657749924,False,14.08402100209355,60.83057666855921,63.18039636200541,False,0.0007871536523929471,14.175182166707144,60.453847095662475,62.80065740155277,False,False,0.004565491183879093,15.167009523100708,70.95457740014444,58.00154784709649,False,0.056360201511335015
stage2_validated,TIC 56000767,control_star,tess2018319095959-s0005-0000000056000767-0125-s_lc.fits,1bfec25c05c93c316d8643f926fa04d62b5fe28069f6a1082b2f8aea91cd6c58,17320,25.726388080553306,0.43972126400331035,13.372244629780443,0.07478176085508981,60.81385787690806,0.00030218462394371315,6.508771531009031,11.357649964163603,7.598393595031818,False,9.645130540824734,9.12445028506051,5.359119544630621,False,0.0010939209251445538,9.682693339052813,9.111997542934006,5.339615592848226,False,False,0.003906860446944835,8.96655231659889,10.306952443764219,5.632812216981706,False,0.0425066416627598
stage2_validated,TIC 140578791,control_star,tess2018319095959-s0005-0000000140578791-0125-s_lc.fits,077340bb86e2edf22b39f4ed48a31c176d2efa228338b4d6ae421e67ff32f728,17035,25.4218221572919,0.4242911040200852,0.7273397209751004,1.374873351697829,18.087278018032094,0.0003094686377733691,5.868926116561132,5.186735218892614,2.1981095932927652,False,7.556518248280638,4.820780620200351,1.7556362549445728,False,0.001120358514724712,7.583012920893831,4.820780620200351,1.749502148582385,False,False,0.004961587708066581,7.928109898770486,4.9222598825437816,1.6605493999938097,False,0.03329065300896287
stage2_validated,TIC 150106948,control_star,tess2018319095959-s0005-0000000150106948-0125-s_lc.fits,df4ff12c7c4f0036049cb6e8581e7152f031a7dde03c356f3c62c38f3fabca0e,17014,25.404322118340133,0.42494438303401694,10.94621314324187,0.09135579464002985,20.330053740128577,0.0003098951461860677,6.193288667423644,4.960355145239061,2.4816699850813158,False,9.154267993805284,4.297125769329346,1.751415621833308,False,0.0009615384615384616,9.19589917796693,4.290730172740988,1.7441821900154448,False,False,0.0038461538461538464,8.89206196273812,4.547726927268134,1.774878186746307,False,0.05368589743589743
stage2_validated,TIC 177115492,control_star,tess2018319095959-s0005-0000000177115492-0125-s_lc.fits,11a510a8992313b6863f9accbf0b4b3c0fdcd9baeb3ac7aef37f9dbd8b4deb61,16997,25.418180367916875,0.4392558469553478,0.5999101378477516,1.6669163211470603,573.0336485908363,0.0003095573223539372,13.280726469565494,31.886460910859658,40.74680620221232,False,41.1457558458258,20.201854442201093,13.435937262159188,False,0.0008005123278898495,41.27604712911762,20.164131522116232,13.394439524193338,False,False,0.0046429715017611275,45.4485315189984,21.49625188539331,12.1354283245629,False,0.10870957412744156
stage2_validated,TIC 200376190,control_star,tess2018319095959-s0005-0000000200376190-0125-s_lc.fits,e2ea6fc6bfee06875b3427bd9cf519d072630bf7cf3ac441080b390f1aa3327b,17272,25.698616661408778,0.42645379703026265,0.9407170119466374,1.0630189390650941,392.39828293509373,0.0003028380933856045,6.568664259204968,80.40638436366987,47.49700795473226,False,6.874356649022653,74.15770792674343,46.29387028582457,False,0.001096319498825372,6.875631500641163,74.15770792674343,46.285286664748384,False,False,0.00485512920908379,7.7727235813114,77.45892155896951,40.5185335721135,False,0.014878621769772905
stage2_validated,TIC 219145683,control_star,tess2018319095959-s0005-0000000219145683-0125-s_lc.fits,f41576ff1f9188c25ed64949e03a5de16d85035c0243f7a67b9df6c082f29ad6,17274,25.69884756479678,0.4342571959714405,7.300680734016215,0.13697352841916222,38.81010933715206,0.00030283265142738713,5.58078889555458,7.886611594103862,5.541062083118849,False,9.372340588332682,5.97134930170718,3.5037949939980604,False,0.001096319498825372,9.444361271000389,5.954968954835925,3.478810206382117,False,False,0.00485512920908379,8.41677471176136,6.74429575259069,3.8097507278831557,False,0.07345340642129992
stage2_validated,TIC 260076575,control_star,tess2018319095959-s0005-0000000260076575-0125-s_lc.fits,464b0b30bd4b8a0d2202aeffeb493d6ba75d16b02631cdbbaf8377f07be0c74e,17118,25.522391892397764,0.42971230298280716,4.59422787322739,0.21766443189016482,20.706496037374873,0.0003070345509232908,5.236565881110815,6.240755557665439,2.7624479111185867,False,6.559833723973976,5.712902613794764,2.285666688285648,False,0.000952683391552874,6.610658358214112,5.697957705939743,2.270354557467969,False,False,0.006668783740870117,6.4882653638738645,5.940585095671574,2.2757871501246996,False,0.03429660209590346
stage2_validated,TIC 271889486,control_star,tess2018319095959-s0005-0000000271889486-0125-s_lc.fits,999bf6d80114453237c84fe39adf418d7bec0a4bc8061f2ecf4bc1a91ad5406e,17022,25.43614608651228,0.43252373294672,8.047727860397835,0.1242586749138117,1787.44341999761,0.00030912019200490803,9.01078043431844,105.6980383368909,186.6370392575128,False,40.47492184677952,53.1828653304773,42.84778019417282,False,0.0009592326139088729,40.72603027926003,53.00400350884944,42.58798131307274,False,False,0.0038369304556354917,42.38844949939595,56.83540339331108,40.82734888967714,False,0.11430855315747403
stage2_validated,TIC 300378592,control_star,tess2018319095959-s0005-0000000300378592-0125-s_lc.fits,8a5da85bb36e0fdb01d79218bb385548fe1315b7535258a4689002dd40aa7060,16901,25.329403313635794,0.4156612799852155,9.907427144787968,0.10093437835937791,72.58128993284483,0.0003117310606763901,7.142306811965772,8.43587263744412,8.981050378280516,False,23.577185221011955,5.609457806754031,2.840535521874154,False,0.0011284862163469288,23.727747626147025,5.599096261168572,2.8229478299855386,False,False,0.004030307915524746,30.0079316352371,5.4738271657882915,2.2363241686492965,False,0.1349347090117685
stage2_validated,TIC 311127875,control_star,tess2018319095959-s0005-0000000311127875-0125-s_lc.fits,2e8930f74ca2f3ec6ca12edf86f4e0266fd48a610a190cc2214ba000f6969a58,17279,25.623081614516423,0.4384950559469871,0.791315511151978,1.2637184358287432,114.3474778640127,0.00030462621604110396,8.859284933687936,10.237131972689268,11.75155180927051,False,27.0343174286337,7.713154938127605,3.9444059650251115,False,0.0011027095148078135,27.110868692486264,7.713154938127605,3.9332683926663936,False,False,0.0048834278512917455,29.32479084175481,8.079769446272243,3.6238181200061153,False,0.06001890359168242
stage2_validated,TIC 354572272,control_star,tess2018319095959-s0005-0000000354572272-0125-s_lc.fits,1828e87a31d6b75c0d974979947c833f3852c3303d15e14e3def51c954084d7b,17071,25.482205088609135,0.4251397250336595,0.5750031733101534,1.7391208369220699,12.946484960567696,0.00030800373444850315,4.800355699463862,4.388179183894473,1.7828482538552457,False,5.79175653110264,4.084145026425174,1.5301644477889165,False,0.000955718381650207,5.800506078556095,4.084145026425174,1.5278563308304645,False,False,0.004778591908251036,5.901464690973606,4.218237379111704,1.4789968318892088,False,0.027715833067856004
stage2_validated,TIC 382032265,control_star,tess2018319095959-s0005-0000000382032265-0125-s_lc.fits,4689250df88560648d6395542743bad233d63e44704970e81f01c01c3b0b9099,17171,25.5832587097359,0.42335699702380225,5.853904518318829,0.1708261548972425,276.31513433752747,0.0003055753165892572,5.982301982180739,21.750198291295195,42.55300665270583,False,49.45339158410557,8.404337360309288,5.417440308852858,False,0.0011061946902654867,49.918448038324115,8.369258090369124,5.3676724092353005,False,False,0.005847029077117573,69.72125063292745,7.863673471778167,3.850353492353549,False,0.1934260429835651
stage2_validated,TIC 401946845,control_star,tess2018319095959-s0005-0000000401946845-0125-s_lc.fits,f40cac27c1ba1946ebad5ae3fe00ef5b76e16ec98ce08043b2f639c7be666b14,17273,25.655063452839386,0.4283906070049852,0.7364157285854912,1.357928628060134,3322577.8681999873,0.000303867189749063,11.55620333768513,81918.34418134534,280425.9694402186,False,215.7565726016273,13708.619967855735,15336.122595632924,False,0.000942951438000943,218.58701136962435,13574.716895147709,15138.150846984272,False,False,0.004714757190004715,257.6795866126294,14091.167124221238,12839.537444809028,False,0.2065063649222065
stage2_validated,TIC 407963329,control_star,tess2018319095959-s0005-0000000407963329-0125-s_lc.fits,05f16452e24b47ae15a5fed22f3728f00757d3ad0c2be316d5cff7d2b37ed930,16916,25.333019084085436,0.42357782600447536,0.5635799529314226,1.7743711336760088,13.194811153778762,0.0003116420805580056,5.506681037204409,4.301606982995943,1.6149844363053314,False,6.519961671579019,4.044353124472493,1.40345273334869,False,0.0009669621273166801,6.486538552331412,4.051153365756866,1.4096359274293457,False,False,0.004834810636583401,6.190683990145265,4.2051346928169435,1.4521297606649235,False,0.017566478646253023
stage2_validated,TIC 4616072,control_star,tess2018349182500-s0006-0000000004616072-0126-s_lc.fits,b2fa9fb2fa73a4915ece5a893bbe26fe65a7ecddd805199950328f514de90173,14560,21.772502856995516,0.2705730919842608,4.18455280043696,0.23897416227979673,418.9661435110405,0.0004219036506276641,15.327713383799459,22.457868149951153,25.86871671153354,False,39.93342500311627,14.77398987211067,10.12165006150582,False,0.0010909884355225835,40.73729767972422,14.632899305406742,9.925382075769807,False,False,0.008946105171285185,39.05424639352076,16.407292431144917,10.307684522282358,False,0.09295221470652411
stage2_validated,TIC 33521996,control_star,tess2018349182500-s0006-0000000033521996-0126-s_lc.fits,6fc4220ed63190c4b40ed459a73683be8c253b9053c67d5119cd2c507597b3be,14573,21.772004334456824,0.26999430201249197,3.3278504846703094,0.3004942693809365,2337.8429613339918,0.00042192297185184024,14.886855672052194,87.95506983852849,151.13251186543613,False,64.64404000225096,36.610946851802986,35.59851788969343,False,0.0015273838097316168,65.69243761550085,36.28814612243181,35.035308457917274,False,False,0.009382500545494218,62.835342198509295,43.009504446031634,36.521380748403125,False,0.14575605498581715
stage2_validated,TIC 33692729,control_star,tess2018349182500-s0006-0000000033692729-0126-s_lc.fits,3e974beaf8c8dc52c2769ad027e0f4e1e92d06ceb342cfda78130ed595fb6dee,14621,21.772174628186576,0.27270509698428214,13.599919476677547,0.0735298471226169,430.6085071006237,0.00042191637163324636,11.43890726092234,33.87648799598478,34.682685159967775,False,24.98070661929502,22.986522215503644,16.31747216350854,False,0.0015273838097316168,25.148558404800077,22.883913209212867,16.212642781686796,False,False,0.004363953742090334,23.50561800149999,26.549909481319208,17.189873399351587,False,0.07113244599607244
stage2_validated,TIC 37770169,control_star,tess2018349182500-s0006-0000000037770169-0126-s_lc.fits,25ce7cb8b219fc9b3031a26885f45dea257188c83723b699087a6691485a91ec,14549,21.77222435312865,0.27506503101903945,12.198553074230094,0.08197693561808883,217.87919417208064,0.00042191444443062665,13.835392409136437,16.873905887288892,14.528340240791037,False,24.17988710254449,12.595085127782593,8.489870451987994,False,0.0010909884355225835,24.397134065108958,12.561479279546433,8.415648917803217,False,False,0.005018546803403884,23.78449103905445,14.144359952820505,8.565868989364743,False,0.06000436395374209
stage2_validated,TIC 4205592,control_star,tess2018349182500-s0006-0000000004205592-0126-s_lc.fits,86f0731be3f47ab2a348a50f52e2431750fae23b8a4908fa9246d8657cb73d68,14680,21.771693773302786,0.29008380795130506,2.4406497955466757,0.4097269513326521,24893.63027488821,0.00042193500893272784,5.86615602301976,1826.277285870129,3932.277440030235,False,114.88000145372867,182.75887841164476,215.1015936958323,False,0.0013091861226271003,115.71857587768204,182.0936425237105,213.5485719983741,False,False,0.0091643028583897,147.5558442367567,170.72782855577782,167.54946287768837,False,0.2799476325550949
stage2_validated,TIC 4290207,control_star,tess2018349182500-s0006-0000000004290207-0126-s_lc.fits,6517f1ef79acdee8714afeaf2194d492f8e96b9e8ef3acd7ffd723967fff716e,14682,21.771707418109827,0.2913087320048362,0.581450956765045,1.719835505239497,1232.4740423670823,0.00042193448006100365,5.734470771734061,244.84359869421243,172.22695571856895,False,7.846624828782138,202.5905061553283,131.25178770291743,False,0.0013091861226271003,7.866591006321138,202.47853668407814,130.93289137001776,False,False,0.006545930613135501,8.325211668127851,216.8816073136679,121.98998362305879,False,0.05171285184377045
stage2_validated,TIC 4293841,control_star,tess2018349182500-s0006-0000000004293841-0126-s_lc.fits,2a0d680512d83e8cafea411ba0c6e79532aff4da199459a413517d73f94abfe7,14612,21.771710574362032,0.2730626140255481,1.4157302311201005,0.7063492592150256,610.4804250291077,0.00042193435772497345,7.3401328439778295,35.08600189001291,78.39019202645275,False,74.05343715645573,10.601064360699148,8.100628190978075,False,0.0010909884355225835,74.89434952821452,10.534552805911407,8.010562559157846,False,False,0.007636919048658084,94.04508289064466,10.346746441912215,6.381340311912204,False,0.21252454723979927
stage2_validated,TIC 4294111,control_star,tess2018349182500-s0006-0000000004294111-0126-s_lc.fits,63a7ff081c07d019ec93e3b5dc3f0eb00fec2cc1febde9a8f89d1ac9a61daa74,14619,21.771709269113444,0.26922244898742065,10.624477277055227,0.09412227763521262,189.06214000503692,0.00042193440831628237,6.218703766092734,19.94183947938663,27.19542639219653,False,25.385306736725692,10.286286271820064,7.0424933441744235,False,0.0013091861226271003,25.66739656479491,10.234041805362956,6.967130372893075,False,False,0.005236744490508401,34.269399870844836,9.693877572602757,5.234064883203111,False,0.17804931267728563
